movie_id,title,rating,meta_score,year,revenue,director_id
1,leave the world behind,6.5,67.0,2023,0,763.0
2,wonka,7.4,66.0,2023,0,658.0
3,poor things,8.5,86.0,2023,0,912.0
4,killers of the flower moon,7.8,89.0,2023,0,548.0
5,may december,7.0,85.0,2023,0,864.0
6,the hunger games the ballad of songbirds & snakes,7.1,54.0,2023,0,257.0
7,napoleon,6.6,64.0,2023,0,717.0
8,oppenheimer,8.4,89.0,2023,933700000,154.0
9,love actually,7.6,55.0,2003,244931766,713.0
10,candy cane lane,5.6,47.0,2023,0,707.0
11,saltburn,7.5,61.0,2023,0,238.0
12,barbie,7.0,80.0,2023,1428545028,309.0
13,national lampoons christmas vacation,7.5,49.0,1989,71319546,383.0
14,rebel moon - part one a child of fire,6.3,32.0,2023,0,917.0
15,the family plan,6.3,40.0,2023,0,799.0
16,the holdovers,8.0,82.0,2023,0,27.0
17,family switch,5.6,37.0,2023,0,565.0
18,indiana jones and the dial of destiny,6.6,58.0,2023,382891104,351.0
19,elf,7.1,66.0,2003,225097437,441.0
20,how the grinch stole christmas,6.3,46.0,2000,345823040,751.0
21,maestro,7.3,78.0,2023,0,103.0
22,mr. monks last case a monk movie,7.0,65.0,2023,0,703.0
23,the iron claw,,72.0,2023,0,784.0
24,leo,7.0,65.0,2023,0,
25,fast charlie,5.9,70.0,2023,0,692.0
26,the creator,6.9,63.0,2023,0,269.0
27,the grinch,6.4,51.0,2018,508575295,
28,chicken run dawn of the nugget,6.5,63.0,2023,0,764.0
29,die hard,8.2,72.0,1988,140767956,430.0
30,the killer,6.8,73.0,2023,2350174,193.0
31,the super mario bros. movie,7.0,46.0,2023,1355725263,
32,violent night,6.7,55.0,2022,75734910,879.0
33,home alone 2 lost in new york,6.9,46.0,1992,358994850,140.0
34,a haunting in venice,6.5,63.0,2023,89800000,485.0
35,the marvels,5.9,50.0,2023,0,621.0
36,wish,5.8,47.0,2023,0,
37,the polar express,6.6,61.0,2004,310634054,740.0
38,its a wonderful life,8.6,89.0,1946,9644124,258.0
39,five nights at freddys,5.5,33.0,2023,0,241.0
40,the santa clause,6.6,57.0,1994,189833357,433.0
41,white christmas,7.6,56.0,1954,0,577.0
42,finestkind,5.8,44.0,2023,0,110.0
43,thanksgiving,6.8,63.0,2023,0,234.0
44,the holiday,6.9,52.0,2006,194168700,614.0
45,the hunger games,7.2,68.0,2012,694394724,274.0
46,the boys in the boat,,50.0,2023,0,283.0
47,a christmas story,7.9,77.0,1983,20653717,94.0
48,the color purple,,70.0,2023,146292000,92.0
49,willy wonka & the chocolate factory,7.8,67.0,1971,4000000,570.0
50,trolls band together,6.0,53.0,2023,0,
51,scrooged,6.9,38.0,1988,60328558,714.0
52,ferrari,6.7,74.0,2023,0,587.0
53,no hard feelings,6.4,59.0,2023,82995526,280.0
54,charlie and the chocolate factory,6.7,72.0,2005,474968763,856.0
55,x,6.5,79.0,2022,14779858,855.0
56,mission impossible - dead reckoning part one,7.8,81.0,2023,563148955,153.0
57,spider-man across the spider-verse,8.6,86.0,2023,683241751,
58,asteroid city,6.6,75.0,2023,47281670,898.0
59,blue beetle,6.0,61.0,2023,124818235,52.0
60,eileen,6.7,71.0,2023,0,905.0
61,love and monsters,6.9,63.0,2020,1122066,588.0
62,dune,8.0,74.0,2021,402027830,215.0
63,spirited,6.6,55.0,2022,0,782.0
64,dream scenario,7.4,74.0,2023,0,497.0
65,jingle all the way,5.7,34.0,1996,129832389,112.0
66,priscilla,6.9,78.0,2023,0,804.0
67,talk to me,7.1,76.0,2022,72600000,
68,the batman,7.8,72.0,2022,770945583,556.0
69,everything everywhere all at once,7.8,81.0,2022,139200000,
70,american fiction,7.8,81.0,2023,0,165.0
71,interstellar,8.7,74.0,2014,701729206,154.0
72,all of us strangers,,90.0,2023,0,40.0
73,genie,5.9,35.0,2023,0,762.0
74,klaus,8.2,65.0,2019,0,
75,the shawshank redemption,9.3,82.0,1994,28341469,260.0
76,cat person,6.1,48.0,2023,0,830.0
77,a christmas carol,6.8,55.0,2009,325286646,740.0
78,last christmas,6.5,50.0,2019,121550750,655.0
79,reptile,6.8,52.0,2023,0,304.0
80,the suicide squad,7.2,72.0,2021,168717425,348.0
81,gremlins,7.3,70.0,1984,153083102,399.0
82,the godfather,9.2,100.0,1972,245066411,256.0
83,the wolf of wall street,8.2,75.0,2013,392000000,548.0
84,the equalizer 3,6.9,58.0,2023,158300000,59.0
85,merry little batman,6.4,74.0,2023,0,606.0
86,underwater,5.9,48.0,2020,40882928,903.0
87,christmas with the kranks,5.5,22.0,2004,0,402.0
88,john wick chapter 4,7.7,78.0,2023,426978565,126.0
89,the santa clause 2,5.7,48.0,2002,172842355,586.0
90,gran turismo,7.2,48.0,2023,114800000,620.0
91,miracle on 34th street,7.9,88.0,1947,46264384,290.0
92,chicken run,7.1,88.0,2000,224834564,
93,four christmases,5.7,41.0,2008,164112721,790.0
94,mad max fury road,8.1,90.0,2015,378858340,286.0
95,glory,7.8,78.0,1989,26828365,232.0
96,suicide squad,5.9,40.0,2016,746846894,187.0
97,the muppet christmas carol,7.8,64.0,1992,27281507,111.0
98,the family stone,6.3,56.0,2005,92884429,850.0
99,office christmas party,5.9,42.0,2016,114501299,
100,the lord of the rings the fellowship of the ring,8.8,92.0,2001,871368364,680.0
101,pride & prejudice,7.8,82.0,2005,121616555,404.0
102,gladiator,8.5,67.0,2000,465361176,717.0
103,the hunger games catching fire,7.5,76.0,2013,865011746,257.0
104,freelance,5.4,24.0,2023,0,695.0
105,the dark knight,9.0,84.0,2008,1004558444,154.0
106,blade runner 2049,8.0,81.0,2017,259239658,215.0
107,pulp fiction,8.9,95.0,1994,213900000,698.0
108,the age of adaline,7.2,51.0,2015,65663276,509.0
109,feast of the seven fishes,6.8,68.0,2019,0,738.0
110,the exorcist believer,4.8,39.0,2023,0,195.0
111,bad santa,7.1,70.0,2003,76490720,846.0
112,scott pilgrim vs. the world,7.5,69.0,2010,48000000,231.0
113,guardians of the galaxy vol. 3,7.9,64.0,2023,845430302,348.0
114,fast x,5.8,56.0,2023,704709660,
115,sound of freedom,7.7,36.0,2023,212587173,22.0
116,predestination,7.4,69.0,2014,4942449,
117,krampus,6.2,49.0,2015,61788393,579.0
118,fight club,8.8,67.0,1999,100853753,193.0
119,l.a. confidential,8.2,91.0,1997,126216940,169.0
120,transformers rise of the beasts,6.0,42.0,2023,429800000,824.0
121,top gun maverick,8.3,78.0,2022,1488732821,459.0
122,beverly hills cop,7.4,66.0,1984,316360478,545.0
123,the christmas chronicles,7.0,52.0,2018,0,159.0
124,dungeons & dragons honor among thieves,7.3,72.0,2023,208177026,
125,pearl,7.0,76.0,2022,9423445,855.0
126,the nightmare before christmas,7.9,82.0,1993,75634409,324.0
127,deck the halls,5.0,28.0,2006,47231070,438.0
128,bottoms,6.8,74.0,2023,11600000,240.0
129,avatar the way of water,7.6,67.0,2022,2320250281,343.0
130,love,6.1,51.0,2015,249083,277.0
131,inception,8.8,74.0,2010,825532764,154.0
132,the goonies,7.7,62.0,1985,61389680,714.0
133,saw x,6.6,60.0,2023,29300000,489.0
134,godzilla,6.4,62.0,2014,529076069,269.0
135,its a wonderful knife,5.3,52.0,2023,0,887.0
136,a christmas story christmas,6.7,55.0,2022,0,159.0
137,babylon,7.1,61.0,2022,63363579,171.0
138,whiplash,8.5,89.0,2014,13092000,171.0
139,titanic,7.9,75.0,1997,2264162353,343.0
140,shazam! fury of the gods,6.0,47.0,2023,133437105,192.0
141,a good person,7.1,50.0,2023,0,914.0
142,the color purple,7.7,78.0,1985,146292000,829.0
143,die hard 2,7.1,67.0,1990,240031094,708.0
144,fair play,6.4,73.0,2023,0,135.0
145,the wizard of oz,8.1,92.0,1939,33754967,
146,fargo,8.1,86.0,1996,60611975,
147,dumb money,6.9,66.0,2023,0,167.0
148,love story,6.9,84.0,1970,136400000,66.0
149,requiem for a dream,8.3,71.0,2000,7390108,184.0
150,the favourite,7.5,91.0,2018,95918706,912.0
151,nyad,7.1,64.0,2023,0,
152,goodfellas,8.7,92.0,1990,46835000,548.0
153,midsommar,7.1,72.0,2019,47969371,63.0
154,silent night,5.7,52.0,2021,0,121.0
155,the gentlemen,7.8,51.0,2019,115171795,314.0
156,"the chronicles of narnia the lion, the witch and the wardrobe",6.9,75.0,2005,745013115,35.0
157,inglourious basterds,8.4,69.0,2009,321457747,698.0
158,godzilla vs. kong,6.3,59.0,2021,470116094,10.0
159,mean girls,7.1,66.0,2004,130126277,543.0
160,the family man,6.8,42.0,2000,124700000,107.0
161,shes all that,5.9,51.0,1999,103166989,730.0
162,triangle of sadness,7.3,63.0,2022,24733572,756.0
163,black swan,8.0,79.0,2010,329398046,184.0
164,kingdom of heaven,7.2,63.0,2005,218122627,717.0
165,the northman,7.0,82.0,2022,69633110,729.0
166,prometheus,7.0,64.0,2012,403354469,717.0
167,spider-man no way home,8.2,71.0,2021,1921847111,446.0
168,the rocky horror picture show,7.4,65.0,1975,112892319,391.0
169,se7en,8.6,65.0,1995,327311859,193.0
170,elemental,7.0,58.0,2023,486797988,685.0
171,origin,6.5,76.0,2023,0,69.0
172,hunter killer,6.6,43.0,2018,31672678,225.0
173,pain hustlers,6.5,44.0,2023,0,210.0
174,the silence of the lambs,8.6,86.0,1991,272742922,449.0
175,joker,8.4,59.0,2019,1074458282,865.0
176,the flash,6.7,55.0,2023,268375616,47.0
177,old dads,6.2,42.0,2023,0,85.0
178,the princess bride,8.0,78.0,1987,30861665,723.0
179,american beauty,8.3,84.0,1999,356296601,767.0
180,jurassic park,8.2,68.0,1993,920100000,829.0
181,heat,8.3,76.0,1995,187436818,587.0
182,léon the professional,8.5,64.0,1994,45284974,521.0
183,harry potter and the goblet of fire,7.7,81.0,2005,895921036,603.0
184,the menu,7.2,71.0,2022,79628200,538.0
185,expend4bles,4.8,30.0,2023,15000000,780.0
186,godzilla king of the monsters,6.0,48.0,2019,386600138,579.0
187,little women,7.8,91.0,2019,216601214,309.0
188,the killing of a sacred deer,7.0,73.0,2017,7027336,912.0
189,american psycho,7.6,64.0,2000,34266564,549.0
190,fred claus,5.7,42.0,2007,97838349,190.0
191,eyes wide shut,7.5,69.0,1999,162100000,810.0
192,eight crazy nights,5.3,23.0,2002,23833131,791.0
193,the sacrifice game,5.4,53.0,2023,0,380.0
194,beau is afraid,6.8,63.0,2023,10000000,63.0
195,django unchained,8.5,81.0,2012,425368238,698.0
196,harry potter and the deathly hallows part 2,8.1,85.0,2011,1341511219,210.0
197,schindlers list,9.0,95.0,1993,321365567,829.0
198,sing 2,7.4,49.0,2021,406000000,
199,the lord of the rings the return of the king,9.0,94.0,2003,1118888979,680.0
200,the departed,8.5,85.0,2006,291465000,548.0
201,promising young woman,7.5,72.0,2020,13868965,238.0
202,the night before,6.4,58.0,2015,52395996,452.0
203,bullet train,7.3,49.0,2022,239268602,198.0
204,the covenant,7.5,63.0,2023,37597471,314.0
205,kung fu panda,7.6,74.0,2008,631744560,
206,beauty and the beast,7.1,65.0,2017,1266115964,86.0
207,dont worry darling,6.3,48.0,2022,86669039,644.0
208,the little mermaid,7.2,59.0,2023,211343479,721.0
209,forrest gump,8.8,82.0,1994,677387716,740.0
210,noelle,6.3,48.0,2019,0,530.0
211,lucy,6.4,62.0,2014,458863600,521.0
212,there will be blood,8.2,93.0,2007,77208711,662.0
213,the santa clause 3 the escape clause,4.8,32.0,2006,84500122,586.0
214,avengers endgame,8.4,78.0,2019,2800000000,
215,jack frost,5.4,40.0,1998,0,886.0
216,vacation,7.3,55.0,1983,104384188,320.0
217,teenage mutant ninja turtles mutant mayhem,7.2,74.0,2023,172000000,
218,frozen,7.4,75.0,2013,1274219009,
219,no country for old men,8.2,92.0,2007,171627166,
220,raiders of the lost ark,8.4,86.0,1981,389925971,829.0
221,the hunger games mockingjay - part 2,6.5,65.0,2015,653428261,257.0
222,the matrix,8.7,73.0,1999,463517383,
223,american pie,7.0,58.0,1999,235483004,
224,no time to die,7.3,68.0,2021,774153007,122.0
225,watchmen,7.6,56.0,2009,185258983,917.0
226,apocalypse now,8.4,94.0,1979,150000000,256.0
227,tombstone,7.8,50.0,1993,56505065,
228,alien,8.5,89.0,1979,104931801,717.0
229,please dont destroy the treasure of foggy mountain,6.1,49.0,2023,0,654.0
230,gone girl,8.1,79.0,2014,369330363,193.0
231,saving private ryan,8.6,91.0,1998,481840909,829.0
232,the notebook,7.8,53.0,2004,115603229,627.0
233,the big lebowski,8.1,71.0,1998,47010480,
234,twilight,5.3,56.0,2008,393616788,124.0
235,the whale,7.7,60.0,2022,55101305,184.0
236,scarface,8.3,65.0,1983,66023329,108.0
237,blade runner,8.1,84.0,1982,41722424,717.0
238,fifty shades of grey,4.2,46.0,2015,571006128,769.0
239,back to the future,8.5,87.0,1985,381109762,740.0
240,the green mile,8.6,61.0,1999,286801374,260.0
241,a boy called christmas,6.7,61.0,2021,0,295.0
242,wind river,7.7,73.0,2017,44998252,839.0
243,john wick,7.4,68.0,2014,88761661,
244,holidate,6.1,44.0,2020,0,438.0
245,uncharted,6.3,45.0,2022,407141258,755.0
246,infinity pool,6.0,72.0,2023,5078400,104.0
247,barry lyndon,8.1,89.0,1975,198992,810.0
248,bone tomahawk,7.1,72.0,2015,0,761.0
249,10 things i hate about you,7.3,70.0,1999,53478166,294.0
250,the marsh kings daughter,5.8,46.0,2023,0,616.0
251,harry potter and the prisoner of azkaban,7.9,82.0,2004,789804554,29.0
252,good will hunting,8.3,71.0,1997,225933435,311.0
253,dont look up,7.2,49.0,2021,791863,7.0
254,the prestige,8.5,66.0,2006,109676311,154.0
255,"crazy, stupid, love.",7.4,68.0,2011,145079584,
256,joy ride,6.4,74.0,2023,36642838,11.0
257,men,6.1,65.0,2022,7168717,24.0
258,black christmas,7.1,65.0,1974,4053000,94.0
259,the banshees of inisherin,7.7,87.0,2022,49262687,547.0
260,the hunger games mockingjay - part 1,6.6,64.0,2014,755356711,257.0
261,prisoners,8.1,70.0,2013,122126687,215.0
262,trading places,7.5,69.0,1983,90404800,425.0
263,death on the nile,6.3,52.0,2022,137307235,485.0
264,man of steel,7.1,55.0,2013,668045518,917.0
265,renaissance a film by beyoncé,8.7,86.0,2023,0,
266,aquaman,6.8,55.0,2018,1148528393,354.0
267,shutter island,8.2,63.0,2010,294800000,548.0
268,harry potter and the chamber of secrets,7.4,63.0,2002,876688482,140.0
269,troy,7.3,56.0,2004,497409852,908.0
270,spider-man into the spider-verse,8.4,87.0,2018,375464627,
271,the dark knight rises,8.4,78.0,2012,1081041287,154.0
272,hypnotic,5.5,53.0,2023,9464308,734.0
273,call me by your name,7.8,94.0,2017,43143046,522.0
274,get out,7.8,85.0,2017,255407969,456.0
275,some like it hot,8.2,98.0,1959,25000000,89.0
276,meg 2 the trench,5.0,40.0,2023,384056482,78.0
277,love hard,6.3,42.0,2021,0,326.0
278,eternal sunshine of the spotless mind,8.3,89.0,2004,72258126,595.0
279,300,7.6,52.0,2006,456082343,917.0
280,were the millers,7.0,44.0,2013,269994119,704.0
281,arthur christmas,7.1,69.0,2011,0,
282,green book,8.2,69.0,2018,319700000,677.0
283,theater camp,7.0,70.0,2023,0,
284,top gun,6.9,50.0,1986,356830601,882.0
285,tenet,7.3,69.0,2020,365304105,154.0
286,12 angry men,9.0,97.0,1957,1000000,798.0
287,burlesque,6.4,47.0,2010,89519773,820.0
288,blackberry,7.4,78.0,2023,2600000,555.0
289,casino royale,8.0,80.0,2006,599045960,546.0
290,the lobster,7.1,82.0,2015,15656193,912.0
291,silent hill,6.5,31.0,2006,100605135,151.0
292,jack reacher,7.0,50.0,2012,218340595,153.0
293,fiddler on the roof,8.0,67.0,1971,83304330,638.0
294,memory,7.1,72.0,2023,13897255,594.0
295,the many saints of newark,6.3,60.0,2021,13037403,17.0
296,pirates of the caribbean the curse of the black pearl,8.1,63.0,2003,655011224,301.0
297,the longest ride,7.0,33.0,2015,63013281,292.0
298,a man called otto,7.5,51.0,2022,108961677,529.0
299,aliens,8.4,84.0,1986,183316455,343.0
300,no one will save you,6.3,60.0,2023,0,109.0
301,holiday inn,7.3,70.0,1942,0,
302,the deer hunter,8.1,86.0,1978,49000000,575.0
303,"are you there god? its me, margaret.",7.3,84.0,2023,21826840,481.0
304,the help,8.1,62.0,2011,216639112,837.0
305,terminator 2 judgment day,8.6,75.0,1991,520000000,343.0
306,la la land,8.0,94.0,2016,447407695,171.0
307,the truman show,8.2,90.0,1998,264118201,686.0
308,the sound of music,8.1,63.0,1965,286214286,739.0
309,the outsiders,7.0,45.0,1983,33697647,256.0
310,taxi driver,8.2,94.0,1976,28600000,548.0
311,fast times at ridgemont high,7.1,61.0,1982,27092880,34.0
312,evil dead rise,6.5,69.0,2023,146733054,507.0
313,hereditary,7.3,87.0,2018,82530552,63.0
314,her,8.0,91.0,2013,47351251,807.0
315,the irishman,7.8,94.0,2019,968853,548.0
316,catch me if you can,8.1,75.0,2002,352114312,829.0
317,the shining,8.4,66.0,1980,44781695,810.0
318,knives out,7.9,82.0,2019,312897920,710.0
319,next goal wins,6.5,44.0,2023,43089,834.0
320,the last voyage of the demeter,6.1,52.0,2023,21576744,45.0
321,air,7.4,73.0,2023,87078875,75.0
322,shes the man,6.4,45.0,2006,33889159,46.0
323,better watch out,6.5,67.0,2016,176288,143.0
324,how to have sex,7.1,80.0,2023,0,611.0
325,the fast and the furious,6.8,58.0,2001,207283925,719.0
326,tropic thunder,7.1,71.0,2008,195702811,77.0
327,nobody,7.4,64.0,2021,61779301,331.0
328,murder on the orient express,6.5,52.0,2017,352794081,485.0
329,the secret life of walter mitty,7.3,54.0,2013,188133322,77.0
330,christmas in connecticut,7.3,64.0,1945,3000000,678.0
331,love & other drugs,6.7,55.0,2010,102820008,232.0
332,the equalizer,7.2,57.0,2014,192330738,59.0
333,ford v ferrari,8.1,81.0,2019,225508210,351.0
334,aftersun,7.7,95.0,2022,4785157,134.0
335,mob land,5.2,47.0,2023,0,624.0
336,divergent,6.6,48.0,2014,288885818,616.0
337,totally killer,6.5,62.0,2023,0,613.0
338,taken,7.8,51.0,2008,226830568,695.0
339,strays,6.3,54.0,2023,32000000,464.0
340,dune,6.3,41.0,1984,402027830,199.0
341,the burial,7.1,74.0,2023,0,527.0
342,pretty woman,7.1,51.0,1990,463406268,270.0
343,renfield,6.4,53.0,2023,26348156,142.0
344,happiest season,6.6,69.0,2020,1401954,160.0
345,ghosted,5.8,34.0,2023,0,219.0
346,mulholland drive,7.9,86.0,2001,20271129,199.0
347,drive,7.8,79.0,2011,78054825,629.0
348,the man who invented christmas,7.0,60.0,2017,8096007,84.0
349,the lord of the rings the two towers,8.8,87.0,2002,926287400,680.0
350,sisu,6.9,70.0,2022,13009289,341.0
351,superbad,7.6,76.0,2007,170812526,305.0
352,ghostbusters,7.8,71.0,1984,296187079,334.0
353,green lantern,5.5,39.0,2011,219851172,546.0
354,cruella,7.3,59.0,2021,233503234,167.0
355,harry potter and the deathly hallows part 1,7.7,65.0,2010,954305868,210.0
356,the christmas chronicles part two,6.0,51.0,2020,0,140.0
357,good burger 2,5.4,48.0,2023,0,690.0
358,where the crawdads sing,7.2,43.0,2022,144353965,643.0
359,the abyss,7.5,62.0,1989,90000098,343.0
360,the godfather part ii,9.0,90.0,1974,102600000,256.0
361,the fifth element,7.6,52.0,1997,263920180,521.0
362,8-bit christmas,6.7,66.0,2021,0,580.0
363,black adam,6.2,41.0,2022,393252111,368.0
364,mr. & mrs. smith,6.5,55.0,2005,487287646,226.0
365,memento,8.4,83.0,2000,39723096,154.0
366,avatar,7.9,83.0,2009,2923706026,343.0
367,geralds game,6.5,77.0,2017,0,599.0
368,65,5.4,40.0,2023,55000000,
369,paper moon,8.1,77.0,1973,30900000,673.0
370,the nun ii,5.6,47.0,2023,231200000,574.0
371,cobweb,6.0,50.0,2023,5569593,771.0
372,boyz n the hood,7.8,76.0,1991,57504069,435.0
373,the dreamers,7.1,63.0,2003,15121165,82.0
374,the bikeriders,7.6,71.0,2023,0,375.0
375,deadpool,8.0,65.0,2016,783100000,858.0
376,alien covenant,6.4,65.0,2017,240891763,717.0
377,kill bill vol. 1,8.2,69.0,2003,180906076,698.0
378,last night in soho,7.0,65.0,2021,22957625,231.0
379,ready or not,6.9,64.0,2019,57615777,
380,the hobbit an unexpected journey,7.8,58.0,2012,1021103568,680.0
381,hidden figures,7.8,74.0,2016,235956898,849.0
382,point break,7.3,59.0,1991,83531958,478.0
383,skyfall,7.8,81.0,2012,1142471295,767.0
384,barbarian,7.0,78.0,2022,45352337,915.0
385,the hateful eight,7.8,68.0,2015,155760117,698.0
386,2001 a space odyssey,8.3,84.0,1968,71923560,810.0
387,meet me in st. louis,7.5,94.0,1944,7566000,894.0
388,birds of prey,6.1,60.0,2020,0,125.0
389,the nutcracker and the four realms,5.6,39.0,2018,59522646,
390,the great gatsby,7.2,55.0,2013,351040419,74.0
391,old,5.8,55.0,2021,90146510,525.0
392,the usual suspects,8.5,76.0,1995,23341568,116.0
393,me before you,7.4,51.0,2016,207945075,848.0
394,free guy,7.1,62.0,2021,331526598,797.0
395,dead poets society,8.1,79.0,1989,235860116,686.0
396,harry potter and the order of the phoenix,7.5,71.0,2007,938212738,210.0
397,from dusk till dawn,7.2,48.0,1996,25836616,734.0
398,kong skull island,6.7,62.0,2017,566652812,457.0
399,a beautiful mind,8.2,72.0,2001,316800000,751.0
400,ex machina,7.7,78.0,2014,36869414,24.0
401,thor love and thunder,6.2,57.0,2022,760928081,834.0
402,dazed and confused,7.6,82.0,1993,7993039,716.0
403,sicario,7.7,82.0,2015,84872444,215.0
404,unfaithful,6.7,63.0,2002,119137784,12.0
405,the mist,7.1,58.0,2007,57470220,260.0
406,indiana jones and the temple of doom,7.5,57.0,1984,333000000,829.0
407,shazam!,7.0,71.0,2019,366080049,192.0
408,smile,6.5,68.0,2022,216135048,650.0
409,home sweet home alone,3.6,35.0,2021,0,175.0
410,lolita,6.8,46.0,1997,9250000,12.0
411,rustin,6.5,68.0,2023,0,282.0
412,cars,7.2,73.0,2006,461983149,
413,kandahar,6.1,52.0,2023,3000000,711.0
414,nymphomaniac vol. i,6.9,64.0,2013,13545832,502.0
415,a bad moms christmas,5.6,42.0,2017,130560428,
416,lady bird,7.4,93.0,2017,78966486,309.0
417,the exorcist,8.1,82.0,1973,441405644,904.0
418,network,8.1,83.0,1976,23689877,798.0
419,it,7.3,69.0,2017,701800000,47.0
420,scream vi,6.5,61.0,2023,168961389,
421,amsterdam,6.1,48.0,2022,31245810,205.0
422,excalibur,7.3,56.0,1981,34967437,412.0
423,guardians of the galaxy,8.0,76.0,2014,772776600,348.0
424,the terminator,8.1,84.0,1984,78371200,343.0
425,the place beyond the pines,7.3,68.0,2012,47135966,217.0
426,secretary,6.9,63.0,2002,9304609,827.0
427,the thing,8.2,57.0,1982,19629760,414.0
428,robocop,7.6,70.0,1987,242688965,663.0
429,spider-man,7.4,73.0,2002,821708551,768.0
430,the martian,8.0,80.0,2015,630600000,717.0
431,the greatest showman,7.5,48.0,2017,432844677,582.0
432,i can only imagine,7.3,30.0,2018,86026201,
433,mother!,6.6,76.0,2017,44516999,184.0
434,the talented mr. ripley,7.4,76.0,1999,128798265,57.0
435,while you were sleeping,6.8,67.0,1995,182057016,445.0
436,harry potter and the half-blood prince,7.6,78.0,2009,933959197,210.0
437,the fast and the furious tokyo drift,6.0,45.0,2006,158964610,473.0
438,knock at the cabin,6.1,63.0,2023,54708659,525.0
439,divinity,5.7,61.0,2023,0,230.0
440,braveheart,8.3,68.0,1995,213216216,569.0
441,basic instinct,7.0,43.0,1992,352927224,663.0
442,the hangover,7.7,73.0,2009,469310836,865.0
443,elvis,7.3,64.0,2022,288670284,74.0
444,8 mile,7.2,77.0,2002,242875078,169.0
445,percy jackson & the olympians the lightning thief,5.9,47.0,2010,226497209,140.0
446,about time,7.8,55.0,2013,87100449,713.0
447,the revenant,8.0,76.0,2015,532950503,21.0
448,pale rider,7.3,61.0,1985,41410568,161.0
449,kung fu panda 3,7.1,66.0,2016,521170825,
450,boogie nights,7.9,86.0,1997,43101594,662.0
451,the matrix resurrections,5.7,63.0,2021,156497322,500.0
452,meet joe black,7.2,43.0,1998,142940100,545.0
453,the maze runner,6.8,57.0,2014,348319861,899.0
454,puss in boots the last wish,7.8,73.0,2022,482129780,
455,falling for christmas,5.2,40.0,2022,0,361.0
456,one flew over the cuckoos nest,8.7,84.0,1975,108981275,607.0
457,batman begins,8.2,70.0,2005,374218673,154.0
458,blockers,6.2,69.0,2018,94017294,479.0
459,jumanji,7.1,39.0,1995,262821940,400.0
460,the mummy,7.1,48.0,1999,415885488,819.0
461,indiana jones and the last crusade,8.2,65.0,1989,474171806,829.0
462,nope,6.8,77.0,2022,170823080,456.0
463,uncut gems,7.4,92.0,2019,50020902,
464,surviving christmas,5.4,19.0,2004,14793624,602.0
465,the grand budapest hotel,8.1,88.0,2014,174600318,898.0
466,bridget joness diary,6.8,66.0,2001,281929795,796.0
467,1917,8.2,78.0,2019,394638258,767.0
468,the lion king,8.5,88.0,1994,763455561,
469,the last duel,7.4,67.0,2021,30500000,717.0
470,the lost city,6.1,60.0,2022,192907684,
471,west side story,7.1,85.0,2021,43656822,829.0
472,american history x,8.5,62.0,1998,23875127,881.0
473,the pianist,8.5,85.0,2002,120072577,749.0
474,the star,6.3,42.0,2017,0,859.0
475,the lion king,6.8,55.0,2019,763455561,441.0
476,dunkirk,7.8,94.0,2017,527000000,154.0
477,a clockwork orange,8.3,77.0,1971,26589000,810.0
478,encanto,7.2,75.0,2021,253000000,
479,the social network,7.8,95.0,2010,224920315,193.0
480,trolls,6.4,55.0,2016,346864462,
481,hacksaw ridge,8.1,71.0,2016,175302354,569.0
482,the phantom of the opera,7.2,40.0,2004,154648887,409.0
483,once upon a time in america,8.3,75.0,1984,5500000,788.0
484,fatman,5.9,40.0,2020,0,
485,donnie darko,8.0,88.0,2001,7500000,715.0
486,fall,6.4,62.0,2022,16120263,778.0
487,uncle buck,7.1,51.0,1989,79258538,421.0
488,christmas with the campbells,5.4,56.0,2022,0,158.0
489,the other guys,6.6,64.0,2010,170432927,7.0
490,the girl next door,6.7,47.0,2004,31635150,523.0
491,black christmas,4.7,22.0,2006,4053000,299.0
492,almost famous,7.9,90.0,2000,47386287,120.0
493,snatch,8.2,55.0,2000,83557872,314.0
494,batman v superman dawn of justice,6.5,44.0,2016,873637528,917.0
495,the hunt,6.5,50.0,2020,18309793,168.0
496,ratatouille,8.1,96.0,2007,623726000,
497,jojo rabbit,7.9,58.0,2019,82468705,834.0
498,the lighthouse,7.4,83.0,2019,18129854,729.0
499,sing,7.1,59.0,2016,634151679,
500,avengers infinity war,8.4,68.0,2018,2052415039,
501,the girl with the dragon tattoo,7.8,71.0,2011,232617430,193.0
502,fury,7.6,64.0,2014,211817906,187.0
503,the king,7.3,62.0,2019,0,203.0
504,the fabelmans,7.5,84.0,2022,45598614,829.0
505,the unbearable weight of massive talent,7.0,68.0,2022,29116320,869.0
506,the witch,7.0,84.0,2015,40423945,729.0
507,paw patrol the mighty movie,6.0,49.0,2023,47400000,119.0
508,star wars episode i - the phantom menace,6.5,51.0,1999,924317558,285.0
509,crocodile dundee,6.6,62.0,1986,328203506,676.0
510,stand by me,8.1,75.0,1986,52287414,723.0
511,the voyeurs,6.1,54.0,2021,0,590.0
512,the big short,7.8,81.0,2015,133346506,7.0
513,matilda,7.0,72.0,1996,33459416,181.0
514,annihilation,6.8,79.0,2018,43070915,24.0
515,"red, white & royal blue",7.0,62.0,2023,0,560.0
516,true romance,7.9,59.0,1993,12600000,882.0
517,the autopsy of jane doe,6.8,65.0,2016,6170043,45.0
518,godzilla,5.4,32.0,1998,529076069,748.0
519,the outlaw josey wales,7.8,69.0,1976,31800000,161.0
520,baywatch,5.5,37.0,2017,177856751,790.0
521,operation fortune ruse de guerre,6.3,51.0,2023,37846713,314.0
522,brothers,7.1,58.0,2009,43474578,392.0
523,sin city,8.0,74.0,2005,158733820,
524,mission impossible - fallout,7.7,86.0,2018,791657398,153.0
525,prey,7.1,71.0,2022,0,176.0
526,goldeneye,7.2,65.0,1995,352194034,546.0
527,wonder woman,7.4,76.0,2017,822854286,653.0
528,full metal jacket,8.3,78.0,1987,46357676,810.0
529,deadpool 2,7.6,66.0,2018,785896609,198.0
530,die hard with a vengeance,7.6,58.0,1995,366101666,430.0
531,zodiac,7.7,79.0,2007,84785914,193.0
532,belfast,7.2,75.0,2021,49158343,485.0
533,the book of clarence,,62.0,2023,0,388.0
534,idiocracy,6.5,66.0,2006,495303,601.0
535,blackkklansman,7.5,83.0,2018,93411426,808.0
536,speak no evil,6.6,78.0,2022,623462,150.0
537,batman returns,7.1,68.0,1992,280000000,856.0
538,lost in translation,7.7,91.0,2003,119723856,804.0
539,the devil wears prada,6.9,62.0,2006,326706115,194.0
540,what happens later,4.9,59.0,2023,0,566.0
541,kingsman the secret service,7.7,60.0,2014,414351546,561.0
542,edward scissorhands,7.9,74.0,1990,53000000,856.0
543,cocaine bear,5.9,54.0,2023,87649532,236.0
544,reservoir dogs,8.3,81.0,1992,2859750,698.0
545,winnie the pooh blood and honey,2.9,16.0,2023,5200000,709.0
546,snowpiercer,7.1,84.0,2013,86758912,97.0
547,how it ends,5.1,36.0,2018,0,200.0
548,iron man,7.9,79.0,2008,585174222,441.0
549,indiana jones and the kingdom of the crystal skull,6.2,65.0,2008,786636033,829.0
550,shame,7.2,72.0,2011,3909002,822.0
551,under the skin,6.3,80.0,2013,5735963,450.0
552,the gray man,6.5,49.0,2022,454023,
553,quiz lady,6.7,59.0,2023,0,386.0
554,zack snyders justice league,7.9,54.0,2021,0,917.0
555,clue,7.2,41.0,1985,14643997,454.0
556,carol,7.2,94.0,2015,40272135,864.0
557,men in black,7.3,71.0,1997,589390539,73.0
558,bram stokers dracula,7.4,57.0,1992,215862692,256.0
559,dc league of super-pets,7.1,56.0,2022,203000000,
560,single all the way,6.2,49.0,2021,0,589.0
561,eternals,6.3,52.0,2021,402064899,137.0
562,oceans eleven,7.7,74.0,2001,450717150,828.0
563,ghostbusters afterlife,7.1,45.0,2021,191000000,367.0
564,guillermo del toros pinocchio,7.6,79.0,2022,0,
565,13 going on 30,6.3,57.0,2004,96455697,276.0
566,serendipity,6.8,52.0,2001,77516304,675.0
567,edge of tomorrow,7.9,71.0,2014,370541256,226.0
568,beetlejuice,7.5,70.0,1988,74714298,856.0
569,toy story,8.3,96.0,1995,394400000,426.0
570,ant-man and the wasp quantumania,6.1,48.0,2023,476071180,687.0
571,the noel diary,6.1,63.0,2022,0,130.0
572,the nice guys,7.4,70.0,2016,62788218,795.0
573,inside out,8.1,94.0,2015,857611174,
574,not another teen movie,5.8,32.0,2001,66468332,408.0
575,the bishops wife,7.6,73.0,1947,0,323.0
576,28 days later,7.5,73.0,2002,85720385,180.0
577,doctor strange in the multiverse of madness,6.9,60.0,2022,955775804,768.0
578,the breakfast club,7.8,66.0,1985,51525171,421.0
579,jennifers body,5.5,47.0,2009,31556061,476.0
580,jurassic world dominion,5.6,38.0,2022,1001978080,163.0
581,just friends,6.2,47.0,2005,50817508,744.0
582,"silent night, deadly night",5.8,31.0,1984,2491460,128.0
583,trolls world tour,6.1,51.0,2020,49276818,
584,moonlight,7.4,99.0,2016,65046687,71.0
585,a knights tale,7.0,56.0,2001,117487473,110.0
586,licence to kill,6.6,58.0,1989,156167015,419.0
587,john wick chapter 3 - parabellum,7.4,73.0,2019,326709727,126.0
588,let it snow,5.8,51.0,2019,0,524.0
589,shrek,7.9,84.0,2001,487853320,
590,the meg,5.6,46.0,2018,530517320,445.0
591,alita battle angel,7.3,53.0,2019,404980543,734.0
592,dear john,6.3,43.0,2010,114977104,503.0
593,jurassic world,6.9,59.0,2015,1671537444,163.0
594,whats eating gilbert grape,7.7,73.0,1993,10032765,503.0
595,tár,7.4,92.0,2022,29182623,863.0
596,an american pickle,5.7,58.0,2020,0,105.0
597,heart of stone,5.7,44.0,2023,0,870.0
598,the blue lagoon,5.8,31.0,1980,58853106,701.0
599,one life,7.6,67.0,2023,0,349.0
600,the mean one,3.8,29.0,2022,0,825.0
601,american hustle,7.2,90.0,2013,251171807,205.0
602,smokin aces,6.6,45.0,2006,57103895,398.0
603,the wicker man,7.5,87.0,1973,38805380,741.0
604,scream,7.4,65.0,1996,173046663,900.0
605,the lost boys,7.2,63.0,1987,32222567,409.0
606,love the coopers,5.8,31.0,2015,42426912,387.0
607,hook,6.8,52.0,1991,300855000,829.0
608,kung fu panda 2,7.2,67.0,2011,665692281,381.0
609,the old oak,7.1,62.0,2023,0,484.0
610,the avengers,8.0,69.0,2012,1518815515,466.0
611,to catch a killer,6.6,43.0,2023,200221,173.0
612,the sixth sense,8.2,64.0,1999,672806292,525.0
613,mission impossible,7.2,59.0,1996,457731198,108.0
614,silver linings playbook,7.7,81.0,2012,236412453,205.0
615,casino,8.2,73.0,1995,116112375,548.0
616,fantastic beasts the secrets of dumbledore,6.2,47.0,2022,406950844,210.0
617,in time,6.7,53.0,2011,173930596,41.0
618,jaws,8.1,87.0,1975,470653000,829.0
619,platoon,8.1,92.0,1986,138530565,642.0
620,deep water,5.5,53.0,2022,0,12.0
621,les misérables,7.5,63.0,2012,441809770,871.0
622,planet of the apes,5.7,50.0,2001,362211740,856.0
623,beautiful boy,7.4,62.0,2018,7649973,253.0
624,saturday night fever,6.8,77.0,1977,237113184,411.0
625,army of the dead,5.8,57.0,2021,190700000,917.0
626,the father,8.2,88.0,2020,21029340,255.0
627,diary of a wimpy kid,6.2,56.0,2010,76196538,854.0
628,love at first sight,6.8,55.0,2023,0,890.0
629,the perks of being a wallflower,7.9,67.0,2012,33400000,812.0
630,casablanca,8.5,100.0,1942,10462500,577.0
631,bodies bodies bodies,6.2,69.0,2022,13905020,315.0
632,die another day,6.1,56.0,2002,431971116,508.0
633,blonde,5.5,50.0,2022,0,37.0
634,hamilton,8.3,88.0,2020,0,852.0
635,now you see me,7.2,50.0,2013,351723989,519.0
636,my big fat greek wedding 3,5.2,35.0,2023,34900000,622.0
637,the pale blue eye,6.6,56.0,2022,0,776.0
638,lethal weapon,7.6,68.0,1987,120207127,714.0
639,scream,6.3,60.0,2022,173046663,
640,it happened on fifth avenue,7.6,66.0,1947,0,754.0
641,my cousin vinny,7.6,68.0,1992,64088552,454.0
642,the imitation game,8.0,71.0,2014,233555708,612.0
643,e.t. the extra-terrestrial,7.9,92.0,1982,792965500,829.0
644,after,5.3,30.0,2019,69497587,382.0
645,scrooge a christmas carol,6.2,46.0,2022,0,814.0
646,the ritual,6.3,57.0,2017,1786396,188.0
647,into the wild,8.1,73.0,2007,56255142,786.0
648,independence day,7.0,59.0,1996,817400891,748.0
649,transformers,7.0,61.0,2007,709709780,573.0
650,training day,7.7,71.0,2001,104876233,59.0
651,step brothers,6.9,51.0,2008,128107642,7.0
652,knock knock,4.9,53.0,2015,6341684,234.0
653,stardust,7.6,66.0,2007,137515140,561.0
654,lady chatterleys lover,6.6,67.0,2022,0,505.0
655,black hawk down,7.7,74.0,2001,172989651,717.0
656,bad santa 2,5.6,38.0,2016,24079268,543.0
657,baby driver,7.6,86.0,2017,226945087,231.0
658,bones and all,6.8,74.0,2022,14134907,522.0
659,closer,7.2,65.0,2004,115505027,604.0
660,vegas vacation,5.9,20.0,1997,36400360,817.0
661,labyrinth,7.3,50.0,1986,12729917,390.0
662,soul,8.0,83.0,2020,136384442,
663,fast & furious,6.5,46.0,2009,363164265,473.0
664,superman,7.4,82.0,1978,300218018,714.0
665,predator,7.8,47.0,1987,98267558,430.0
666,the pelican brief,6.6,51.0,1993,195268056,14.0
667,atonement,7.8,85.0,2007,131016624,404.0
668,the fugitive,7.8,87.0,1993,368875760,36.0
669,the secret dare to dream,6.5,32.0,2020,3215636,49.0
670,passengers,7.0,41.0,2016,303144152,612.0
671,transformers the last knight,5.2,27.0,2017,605425157,573.0
672,groundhog day,8.0,72.0,1993,71074049,320.0
673,scrooge,7.5,58.0,1970,0,752.0
674,jumanji welcome to the jungle,6.9,58.0,2017,995339117,340.0
675,terrifier 2,6.1,59.0,2022,15065239,172.0
676,notting hill,7.2,68.0,1999,363889678,745.0
677,logan,8.1,77.0,2017,619021436,351.0
678,grease,7.2,70.0,1978,181813770,701.0
679,ferris buellers day off,7.8,61.0,1986,70136369,421.0
680,"whats up, doc?",7.7,73.0,1972,66000000,673.0
681,nimona,7.6,75.0,2023,0,
682,paddington 2,7.8,88.0,2017,227300000,658.0
683,batman,7.5,69.0,1989,411348924,856.0
684,city of angels,6.7,54.0,1998,198685114,102.0
685,pleasure,6.4,75.0,2021,0,634.0
686,m3gan,6.4,72.0,2022,179960167,293.0
687,beverly hills cop iii,5.5,16.0,1994,119208989,425.0
688,a time to kill,7.5,53.0,1996,152266007,409.0
689,rogue one a star wars story,7.8,65.0,2016,1056057273,269.0
690,rocky,8.1,70.0,1976,225250402,418.0
691,ted,6.9,62.0,2012,549368315,792.0
692,the virgin suicides,7.2,77.0,1999,10409377,804.0
693,doctor sleep,7.3,59.0,2019,72381712,599.0
694,the cell,6.4,40.0,2000,104155843,836.0
695,a star is born,7.6,88.0,2018,433888866,103.0
696,australia,6.6,53.0,2008,211787511,74.0
697,the day after tomorrow,6.5,47.0,2004,552639571,748.0
698,mad max,6.8,73.0,1979,100000000,286.0
699,payback,7.1,46.0,1999,161626121,110.0
700,split,7.3,63.0,2016,278454358,525.0
701,the conjuring,7.5,68.0,2013,320406242,354.0
702,daddys home 2,6.0,30.0,2017,180613180,782.0
703,moana,7.6,81.0,2016,690860472,
704,the lovely bones,6.6,42.0,2009,93621340,680.0
705,war for the planet of the apes,7.4,82.0,2017,490719763,556.0
706,the curious case of benjamin button,7.8,70.0,2008,335802786,193.0
707,ambulance,6.1,55.0,2022,51783040,573.0
708,a bronx tale,7.8,80.0,1993,17287898,728.0
709,romeo + juliet,6.7,60.0,1996,147298761,74.0
710,the kings man,6.3,44.0,2021,125928656,561.0
711,fools paradise,4.7,27.0,2023,0,131.0
712,trainspotting,8.1,83.0,1996,16491080,180.0
713,saw,7.6,46.0,2004,103911669,354.0
714,psycho,8.5,97.0,1960,32000000,30.0
715,total recall,7.5,60.0,1990,261317921,663.0
716,femme,7.8,67.0,2023,0,
717,captain marvel,6.8,64.0,2019,1131416446,
718,the reader,7.6,58.0,2008,108902486,813.0
719,nocturnal animals,7.5,67.0,2016,29252978,867.0
720,ernest saves christmas,5.7,44.0,1988,28202109,434.0
721,rise of the guardians,7.2,58.0,2012,306941670,683.0
722,zootopia,8.0,78.0,2016,1023784195,
723,venom,6.6,35.0,2018,856085151,755.0
724,haunted mansion,6.1,47.0,2023,91000000,474.0
725,office space,7.6,68.0,1999,12827813,601.0
726,world war z,7.0,63.0,2013,531865000,529.0
727,black panther,7.3,88.0,2018,1349926083,760.0
728,the hospital,7.1,72.0,1971,0,66.0
729,armageddon,6.7,42.0,1998,553799566,573.0
730,us,6.8,81.0,2019,256067149,456.0
731,ready player one,7.4,64.0,2018,607274134,829.0
732,little children,7.5,75.0,2006,14821658,863.0
733,retribution,5.3,43.0,2023,0,633.0
734,paddington,7.3,77.0,2014,259207227,658.0
735,the mummy,5.4,34.0,2017,415885488,25.0
736,insidious the red door,5.5,45.0,2023,185582093,652.0
737,save the last dance,6.2,53.0,2001,131706809,851.0
738,hot fuzz,7.8,81.0,2007,80573774,231.0
739,the house that jack built,6.8,42.0,2018,5566776,502.0
740,the incredibles,8.0,90.0,2004,631442092,99.0
741,the mask,6.9,59.0,1994,351583407,156.0
742,gone with the wind,8.2,97.0,1939,402352579,
743,gangs of new york,7.5,72.0,2002,193772504,548.0
744,event horizon,6.6,35.0,1997,26673242,664.0
745,airplane!,7.7,78.0,1980,83453539,
746,jules,6.8,57.0,2023,2000000,531.0
747,"three billboards outside ebbing, missouri",8.1,88.0,2017,160192031,547.0
748,margin call,7.1,76.0,2011,19504039,336.0
749,black panther wakanda forever,6.7,67.0,2022,859102154,760.0
750,the tomorrow war,6.6,45.0,2021,14400000,142.0
751,bohemian rhapsody,7.9,49.0,2018,903992901,116.0
752,disobedience,6.6,74.0,2017,0,787.0
753,frequency,7.4,67.0,2000,68106245,306.0
754,chronicle,7.0,69.0,2012,145000000,465.0
755,looper,7.4,84.0,2012,47042000,710.0
756,true lies,7.3,63.0,1994,378882411,343.0
757,showgirls,5.0,20.0,1995,20350754,663.0
758,waitress,7.0,75.0,2007,22240529,13.0
759,the mother,5.6,45.0,2023,0,631.0
760,the commuter,6.3,56.0,2018,119942387,368.0
761,"to sir, with love",7.6,55.0,1967,42432803,344.0
762,man on fire,7.7,47.0,2004,130293714,882.0
763,crazy rich asians,6.9,74.0,2018,238539198,443.0
764,king kong,7.2,81.0,2005,562363449,680.0
765,moonfall,5.1,41.0,2022,67295363,748.0
766,the little things,6.3,54.0,2021,29942746,427.0
767,the firm,6.9,58.0,1993,270248367,832.0
768,mamma mia! here we go again,6.6,60.0,2018,395044706,639.0
769,unforgiven,8.2,85.0,1992,159157447,161.0
770,big,7.3,73.0,1988,151927281,667.0
771,clueless,6.9,71.0,1995,56631572,34.0
772,john wick chapter 2,7.4,75.0,2017,171539887,126.0
773,the death of stalin,7.2,88.0,2017,24640027,65.0
774,thank you for coming,4.8,68.0,2023,0,475.0
775,airheads,6.2,46.0,1994,5751882,585.0
776,nightcrawler,7.8,76.0,2014,50300000,174.0
777,love again,5.9,32.0,2023,10000000,393.0
778,waiting...,6.7,30.0,2005,18637690,722.0
779,the royal hotel,5.9,77.0,2023,0,495.0
780,mission impossible ii,6.1,59.0,2000,546388105,439.0
781,the proposal,6.7,48.0,2009,317375031,56.0
782,starship troopers,7.3,52.0,1997,121214377,663.0
783,something from tiffanys,6.2,46.0,2022,0,185.0
784,v for vendetta,8.2,62.0,2005,132511035,353.0
785,the greatest beer run ever,6.8,39.0,2022,0,677.0
786,finding nemo,8.2,90.0,2003,940335536,
787,white noise,5.7,66.0,2022,91196419,635.0
788,before sunrise,8.1,77.0,1995,5987386,716.0
789,night at the museum,6.5,48.0,2006,574480841,797.0
790,the shop around the corner,8.0,96.0,1940,0,246.0
791,angel heart,7.2,61.0,1987,17186348,16.0
792,hell or high water,7.6,88.0,2016,37589296,201.0
793,valerian and the city of a thousand planets,6.4,51.0,2017,225973340,521.0
794,x-men,7.3,64.0,2000,296339527,116.0
795,the persian version,6.4,61.0,2023,0,551.0
796,pitch perfect,7.1,66.0,2012,115400000,366.0
797,the legend of tarzan,6.2,44.0,2016,356743061,210.0
798,the equalizer 2,6.7,50.0,2018,190400157,59.0
799,rise of the planet of the apes,7.6,68.0,2011,482860185,758.0
800,the human centipede (first sequence),4.4,33.0,2009,252207,875.0
801,vacation,6.1,34.0,2015,104384188,
802,unbroken,7.2,59.0,2014,163442937,53.0
803,maze runner the scorch trials,6.3,43.0,2015,312296056,899.0
804,primal fear,7.7,47.0,1996,102616183,306.0
805,coco,8.4,81.0,2017,800526015,
806,the stranger,6.6,74.0,2022,322000000,853.0
807,amadeus,8.4,87.0,1984,51973029,607.0
808,mystic river,7.9,84.0,2003,156822020,161.0
809,wall·e,8.4,95.0,2008,521311860,42.0
810,alice in wonderland,6.4,53.0,2010,1025467110,856.0
811,american gangster,7.8,76.0,2007,266465037,717.0
812,sixteen candles,7.0,61.0,1984,23686027,421.0
813,fingernails,5.9,63.0,2023,0,155.0
814,focus,6.6,56.0,2015,153962963,
815,pirates of the caribbean dead men tell no tales,6.5,39.0,2017,795922298,
816,a nightmare on elm street,7.4,76.0,1984,57000000,900.0
817,legend,6.9,55.0,2015,42972994,110.0
818,remember the night,7.6,78.0,1939,0,609.0
819,sleeping beauty,5.3,61.0,2011,51600000,471.0
820,remember the titans,7.8,48.0,2000,136706683,93.0
821,the black phone,6.9,65.0,2021,161440742,777.0
822,captain america the first avenger,6.9,66.0,2011,370569774,400.0
823,the witches of eastwick,6.5,67.0,1987,63766510,286.0
824,the impossible,7.5,73.0,2012,198087212,335.0
825,room,8.1,86.0,2015,35401758,513.0
826,the invisible man,7.1,72.0,2020,144492724,511.0
827,dawn of the planet of the apes,7.6,79.0,2014,710644566,556.0
828,wild things,6.6,52.0,1998,67200000,428.0
829,passages,6.8,79.0,2023,62578,332.0
830,the devils advocate,7.5,60.0,1997,152944660,838.0
831,weird the al yankovic story,6.9,70.0,2022,0,243.0
832,the hunt for red october,7.5,58.0,1990,200512643,430.0
833,scary movie,6.3,48.0,2000,278019771,480.0
834,nightmare alley,7.0,70.0,2021,39629195,310.0
835,cinderella,6.9,67.0,2015,543514353,485.0
836,2 fast 2 furious,5.9,38.0,2003,236350661,435.0
837,the out-laws,5.4,36.0,2023,0,889.0
838,wonder woman 1984,5.4,60.0,2020,169601036,653.0
839,the shape of water,7.3,87.0,2017,195333312,310.0
840,mamma mia!,6.5,51.0,2008,609841637,693.0
841,the hobbit the desolation of smaug,7.8,66.0,2013,958400000,680.0
842,how to train your dragon,8.1,75.0,2010,494879471,
843,children of men,7.9,84.0,2006,70595464,29.0
844,in bruges,7.9,67.0,2008,34533783,547.0
845,scooby-doo,5.3,35.0,2002,275650703,699.0
846,beverly hills cop ii,6.5,48.0,1987,299965036,882.0
847,stargate,7.0,42.0,1994,196567262,748.0
848,a castle for christmas,5.6,53.0,2021,0,550.0
849,terminator dark fate,6.2,54.0,2019,261119292,858.0
850,thor ragnarok,7.9,74.0,2017,855301806,834.0
851,gremlins 2 the new batch,6.4,69.0,1990,41482207,
852,plane,6.5,62.0,2023,51000000,370.0
853,spotlight,8.1,93.0,2015,98690254,872.0
854,star wars episode iii - revenge of the sith,7.6,68.0,2005,850000000,285.0
855,fantastic mr. fox,7.9,83.0,2009,46471023,898.0
856,dumb and dumber,7.3,41.0,1994,247275374,
857,click,6.4,45.0,2006,240685326,259.0
858,live free or die hard,7.1,69.0,2007,383531464,512.0
859,red sparrow,6.6,53.0,2018,151572634,257.0
860,the miracle club,6.3,49.0,2023,0,847.0
861,12 years a slave,8.1,96.0,2013,187000000,822.0
862,galaxy quest,7.4,70.0,1999,90683916,213.0
863,the devil all the time,7.1,55.0,2020,0,61.0
864,the patriot,7.2,63.0,2000,215294342,748.0
865,red dawn,6.3,53.0,1984,44806783,431.0
866,life,6.6,54.0,2017,100541806,177.0
867,she came to me,6.0,53.0,2023,0,706.0
868,the last of the mohicans,7.7,76.0,1992,75505856,587.0
869,up,8.3,88.0,2009,735099082,
870,jingle jangle a christmas journey,6.5,69.0,2020,0,191.0
871,spider-man homecoming,7.4,73.0,2017,880166924,446.0
872,pirates of the caribbean dead mans chest,7.4,53.0,2006,1065659812,301.0
873,gran torino,8.1,72.0,2008,269958228,161.0
874,sucker punch,6.0,33.0,2011,89792502,917.0
875,it follows,6.8,83.0,2014,14674076,206.0
876,creed iii,6.7,73.0,2023,275248615,572.0
877,star trek,7.9,82.0,2009,385680446,337.0
878,the texas chain saw massacre,7.4,89.0,1974,30900000,862.0
879,for your eyes only,6.7,54.0,1981,187412802,419.0
880,sunshine,7.2,64.0,2007,34806812,180.0
881,foe,5.3,44.0,2023,0,271.0
882,book club the next chapter,5.6,46.0,2023,27849137,88.0
883,erin brockovich,7.4,73.0,2000,256271286,828.0
884,frozen ii,6.8,64.0,2019,1450026933,
885,the world is not enough,6.4,57.0,1999,361832400,571.0
886,the kill room,5.4,58.0,2023,476375,628.0
887,legally blonde,6.4,59.0,2001,141774679,731.0
888,sky high,6.3,62.0,2005,86369815,602.0
889,the popes exorcist,6.1,45.0,2023,70204828,472.0
890,everest,7.1,64.0,2015,203427584,70.0
891,dark waters,7.6,73.0,2019,13601384,864.0
892,freuds last session,8.5,57.0,2023,0,554.0
893,tomorrowland,6.4,60.0,2015,209154322,99.0
894,school of rock,7.2,82.0,2003,131095990,716.0
895,good time,7.3,80.0,2017,3283369,
896,easy a,7.0,72.0,2010,75026327,901.0
897,brokeback mountain,7.7,87.0,2005,178043761,51.0
898,aladdin,6.9,53.0,2019,504050219,314.0
899,warrior,8.1,71.0,2011,23308615,279.0
900,malignant,6.2,51.0,2021,34891791,354.0
901,my girl,6.9,56.0,1991,59490000,328.0
902,dirty dancing,7.0,65.0,1987,214577242,239.0
903,mixed nuts,5.4,14.0,1994,0,637.0
904,talladega nights the ballad of ricky bobby,6.6,66.0,2006,162966177,7.0
905,spectre,6.8,60.0,2015,880674609,767.0
906,patriot games,6.8,64.0,1992,178051587,692.0
907,the last bus,6.6,37.0,2021,0,297.0
908,the karate kid,7.3,60.0,1984,359126022,418.0
909,national lampoons european vacation,6.2,47.0,1985,49364621,34.0
910,suitable flesh,5.3,64.0,2023,0,401.0
911,anna,6.6,40.0,2019,31626978,521.0
912,the french dispatch,7.1,74.0,2021,46333545,898.0
913,showing up,6.4,85.0,2022,0,482.0
914,better off dead...,7.1,51.0,1985,10297601,774.0
915,robin hood,6.6,53.0,2010,321669741,717.0
916,remember me,7.1,40.0,2010,56032889,32.0
917,steel magnolias,7.3,56.0,1989,95904091,325.0
918,midway,6.7,47.0,2019,127420861,748.0
919,antichrist,6.5,49.0,2009,791867,502.0
920,"girl, interrupted",7.3,51.0,1999,48350205,351.0
921,lone survivor,7.5,60.0,2013,149295601,671.0
922,blade,7.1,47.0,1998,131183530,818.0
923,white chicks,5.8,41.0,2004,113086475,480.0
924,the descent,7.2,71.0,2005,57130027,619.0
925,furious 7,7.1,67.0,2015,1515341399,354.0
926,the road warrior,7.6,77.0,1981,0,286.0
927,conan the barbarian,6.9,43.0,1982,79114085,431.0
928,the mission,6.4,74.0,2023,17218023,
929,napoleon dynamite,7.0,64.0,2004,46118097,363.0
930,the town,7.5,74.0,2010,154026136,75.0
931,thirteen,6.8,70.0,2003,0,124.0
932,black widow,6.7,68.0,2021,379751131,123.0
933,bridge to terabithia,7.2,74.0,2007,137587063,266.0
934,monster,7.3,74.0,2003,60378584,653.0
935,dredd,7.1,60.0,2012,41037742,669.0
936,champions,6.8,50.0,2023,20121318,96.0
937,"confess, fletch",6.5,64.0,2022,500000,305.0
938,eurotrip,6.6,45.0,2004,20796847,
939,the accountant,7.3,51.0,2016,155160045,279.0
940,serenity,7.8,74.0,2005,38869464,466.0
941,i spit on your grave,6.2,27.0,2010,572809,826.0
942,venom let there be carnage,5.9,49.0,2021,506863592,48.0
943,last holiday,6.6,52.0,2006,38399961,897.0
944,"monsters, inc.",8.1,79.0,2001,579707738,
945,birdman or (the unexpected virtue of ignorance),7.7,87.0,2014,103215094,21.0
946,mask,7.2,73.0,1985,42400000,673.0
947,the game,7.7,63.0,1997,109423648,193.0
948,knights of the zodiac,4.4,35.0,2023,6794519,878.0
949,alfie,7.0,70.0,1966,35060882,515.0
950,thor,7.0,57.0,2011,449326618,485.0
951,just go with it,6.4,33.0,2011,214945591,216.0
952,the boogeyman,5.9,55.0,2023,66978229,724.0
953,tetris,7.4,61.0,2023,0,444.0
954,licorice pizza,7.1,90.0,2021,27423319,662.0
955,"the cook, the thief, his wife & her lover",7.5,62.0,1989,7724701,679.0
956,anastasia,7.1,61.0,1997,139804348,
957,misery,7.8,75.0,1990,61276872,723.0
958,lakeview terrace,6.2,47.0,2008,27640028,618.0
959,tangled,7.7,71.0,2010,592461732,
960,tomorrow never dies,6.5,52.0,1997,333011068,746.0
961,chinatown,8.2,92.0,1974,30000000,749.0
962,mary poppins,7.8,88.0,1964,103082380,736.0
963,the nun,5.3,46.0,2018,365582797,166.0
964,american symphony,7.3,76.0,2023,0,559.0
965,mrs. doubtfire,7.1,54.0,1993,441286195,140.0
966,when harry met sally...,7.7,76.0,1989,92823546,723.0
967,you are so not invited to my bat mitzvah,6.0,71.0,2023,0,770.0
968,cruel intentions,6.8,56.0,1999,76347426,744.0
969,tron legacy,6.8,49.0,2010,400062763,459.0
970,legion,5.3,32.0,2010,67918658,779.0
971,traffic,7.6,86.0,2000,207515725,828.0
972,a christmas carol,7.5,72.0,1938,325286646,233.0
973,minority report,7.6,80.0,2002,358372926,829.0
974,justice league,6.1,45.0,2017,657926987,917.0
975,suspiria,6.7,64.0,2018,2884265,522.0
976,nomadland,7.3,89.0,2020,14784114,137.0
977,im thinking of ending things,6.6,78.0,2020,0,132.0
978,reality,6.7,84.0,2023,423619,861.0
979,mud,7.4,76.0,2012,32613173,375.0
980,highlander,7.0,24.0,1986,12885193,759.0
981,pearl harbor,6.2,44.0,2001,449220945,573.0
982,brazil,7.9,84.0,1985,9900000,844.0
983,blue velvet,7.7,75.0,1986,8618766,199.0
984,sideways,7.5,94.0,2004,109502303,27.0
985,sleepers,7.5,49.0,1996,165615285,72.0
986,a merry friggin christmas,5.1,28.0,2014,0,884.0
987,demolition,7.0,49.0,2015,4366460,372.0
988,marriage story,7.9,94.0,2019,2300000,635.0
989,the road,7.2,64.0,2009,27635305,420.0
990,war of the worlds,6.5,73.0,2005,603873119,829.0
991,the bad guys,6.8,64.0,2022,250162278,696.0
992,the nutcracker the untold story,4.1,18.0,2010,17177993,43.0
993,manchester by the sea,7.8,96.0,2016,78988148,486.0
994,the call of the wild,6.7,48.0,2020,111202881,144.0
995,american sniper,7.3,72.0,2014,542307423,161.0
996,ice age,7.5,61.0,2002,383257136,
997,hannibal,6.8,57.0,2001,351692268,717.0
998,wrong turn,6.1,32.0,2003,28650575,725.0
999,moulin rouge!,7.6,66.0,2001,179213434,74.0
1000,the cabin in the woods,7.0,72.0,2011,71041255,227.0
1001,1408,6.8,64.0,2007,132963417,598.0
1002,"lock, stock and two smoking barrels",8.1,66.0,1998,28356188,314.0
1003,coraline,7.7,80.0,2009,124600000,324.0
1004,sinister,6.8,53.0,2012,82515113,777.0
1005,solo a star wars story,6.9,62.0,2018,392952373,751.0
1006,the neverending story,7.3,46.0,1984,20158808,908.0
1007,the rocker,6.2,53.0,2008,8762890,674.0
1008,dances with wolves,8.0,72.0,1990,424208848,488.0
1009,legend,6.3,30.0,1985,42972994,717.0
1010,a christmas horror story,5.8,49.0,2015,0,
1011,juno,7.5,81.0,2007,232372681,367.0
1012,the giver,6.4,47.0,2014,66980456,692.0
1013,9 songs,4.7,43.0,2004,1574623,593.0
1014,crash,7.7,66.0,2004,98410061,657.0
1015,i am legend,7.2,65.0,2007,585410052,257.0
1016,the power of the dog,6.8,89.0,2021,0,360.0
1017,spider-man 2,7.5,83.0,2004,788976453,768.0
1018,the peanut butter falcon,7.6,70.0,2019,0,
1019,limitless,7.4,59.0,2011,161849455,616.0
1020,the amazing spider-man,6.9,66.0,2012,757930663,532.0
1021,upgrade,7.5,67.0,2018,16706680,511.0
1022,little women,7.3,87.0,1994,216601214,296.0
1023,wrath of man,7.1,57.0,2021,103966489,314.0
1024,the ballad of buster scruggs,7.2,79.0,2018,0,
1025,hot tub time machine,6.4,63.0,2010,64780213,823.0
1026,fast five,7.3,66.0,2011,626137675,473.0
1027,thats my boy,5.5,31.0,2012,58058367,782.0
1028,little miss sunshine,7.8,80.0,2006,100523181,
1029,they cloned tyrone,6.6,74.0,2023,0,470.0
1030,house of gucci,6.6,59.0,2021,153235995,717.0
1031,kick-ass,7.6,66.0,2010,96188903,561.0
1032,kingsman the golden circle,6.7,44.0,2017,410902662,561.0
1033,a few good men,7.7,62.0,1992,243240178,723.0
1034,bad times at the el royale,7.1,60.0,2018,31882724,227.0
1035,cloud atlas,7.4,55.0,2012,130482868,
1036,hit man,7.8,82.0,2023,0,716.0
1037,shang-chi and the legend of the ten rings,7.4,71.0,2021,432243292,218.0
1038,polar,6.3,19.0,2019,0,447.0
1039,pacific rim,6.9,65.0,2013,411002906,310.0
1040,the last samurai,7.8,55.0,2003,456758981,232.0
1041,dodgeball a true underdog story,6.7,55.0,2004,167722310,704.0
1042,fantastic beasts and where to find them,7.2,66.0,2016,809342332,210.0
1043,sea of love,6.8,66.0,1989,110879513,319.0
1044,shaun of the dead,7.9,76.0,2004,30097092,231.0
1045,kiss kiss bang bang,7.5,72.0,2005,15785148,795.0
1046,piranha 3d,5.5,53.0,2010,83188165,28.0
1047,what we do in the shadows,7.6,76.0,2014,6263224,
1048,tusk,5.3,55.0,2014,1882074,493.0
1049,morbius,5.2,35.0,2022,167500000,177.0
1050,batman forever,5.4,54.0,1995,336529144,409.0
1051,speed,7.3,78.0,1994,350448145,359.0
1052,scent of a woman,8.0,57.0,1992,134095253,545.0
1053,blue valentine,7.3,81.0,2010,15440333,217.0
1054,greyhound,7.0,64.0,2020,0,4.0
1055,a bridge too far,7.4,63.0,1977,50750000,712.0
1056,the english patient,7.4,87.0,1996,231976425,57.0
1057,king arthur legend of the sword,6.7,41.0,2017,148675066,314.0
1058,weird science,6.6,46.0,1985,38934048,421.0
1059,the snowman,5.2,23.0,2017,43203413,877.0
1060,the parent trap,6.6,64.0,1998,92108518,614.0
1061,avengers age of ultron,7.3,66.0,2015,1405403694,466.0
1062,phantom thread,7.4,90.0,2017,47756590,662.0
1063,maze runner the death cure,6.2,50.0,2018,288175335,899.0
1064,cashback,7.1,54.0,2006,2294291,785.0
1065,the addams family,6.9,57.0,1991,191502426,73.0
1066,chicago,7.2,81.0,2002,306776732,721.0
1067,friends with benefits,6.5,63.0,2011,149542245,901.0
1068,hostiles,7.2,65.0,2017,36976336,776.0
1069,oblivion,7.0,54.0,2013,286168572,459.0
1070,a million miles away,7.3,62.0,2023,0,19.0
1071,robin hood prince of thieves,6.9,51.0,1991,390493908,492.0
1072,about my father,5.7,39.0,2023,0,504.0
1073,guardians of the galaxy vol. 2,7.6,67.0,2017,863756051,348.0
1074,wonder,7.9,66.0,2017,305937718,812.0
1075,sleepy hollow,7.3,65.0,1999,206071502,856.0
1076,x-men origins wolverine,6.5,40.0,2009,373062864,278.0
1077,constantine,7.0,50.0,2005,230884728,257.0
1078,the big ugly,5.1,52.0,2020,0,781.0
1079,the others,7.6,74.0,2001,209947037,20.0
1080,batman & robin,3.8,29.0,1997,238207122,409.0
1081,the man who knew too much,7.4,76.0,1956,11300000,30.0
1082,the book of eli,6.8,53.0,2010,157107755,
1083,quantum of solace,6.6,58.0,2008,589580482,529.0
1084,scrapper,7.0,74.0,2023,0,133.0
1085,ponyo,7.6,86.0,2008,202404009,322.0
1086,purple hearts,6.7,30.0,2022,0,235.0
1087,first blood,7.7,61.0,1982,125212904,841.0
1088,g.i. joe the rise of cobra,5.7,32.0,2009,302469017,819.0
1089,zero dark thirty,7.4,95.0,2012,132820716,478.0
1090,mortal kombat,6.0,44.0,2021,84426031,802.0
1091,daddys home,6.2,42.0,2015,242786137,782.0
1092,zombieland,7.6,73.0,2009,102391540,755.0
1093,rear window,8.5,100.0,1954,37034514,30.0
1094,the prince of egypt,7.2,64.0,1998,218613188,
1095,lawrence of arabia,8.3,100.0,1962,69995385,197.0
1096,rush,8.1,74.0,2013,90247624,751.0
1097,"good luck to you, leo grande",7.2,78.0,2022,7589829,806.0
1098,natural born killers,7.2,74.0,1994,50283563,642.0
1099,stillwater,6.6,60.0,2021,19754272,872.0
1100,snow day,5.1,34.0,2000,62464731,141.0
1101,dr. strangelove or how i learned to stop worrying and love the bomb,8.4,97.0,1964,9523464,810.0
1102,wrong turn,5.5,46.0,2021,28650575,605.0
1103,x-men first class,7.7,65.0,2011,353624124,561.0
1104,road house,6.7,36.0,1989,30050028,753.0
1105,sympathy for the devil,5.5,54.0,2023,0,913.0
1106,x-men apocalypse,6.9,52.0,2016,543934787,116.0
1107,the bourne identity,7.8,68.0,2002,214034224,226.0
1108,the master,7.1,86.0,2012,28258060,662.0
1109,ace ventura pet detective,6.9,37.0,1994,107217396,874.0
1110,the butterfly effect,7.6,30.0,2004,96060858,244.0
1111,"i, tonya",7.5,77.0,2017,53939297,167.0
1112,the matrix reloaded,7.2,62.0,2003,738599701,
1113,revolutionary road,7.3,69.0,2008,75981180,767.0
1114,rush hour,7.0,60.0,1998,244721064,107.0
1115,master and commander the far side of the world,7.5,81.0,2003,212011111,686.0
1116,spring breakers,5.3,63.0,2012,31724284,318.0
1117,beauty and the beast,8.0,95.0,1991,1266115964,
1118,dawn of the dead,7.3,59.0,2004,102278712,917.0
1119,the warriors,7.5,65.0,1979,22490039,896.0
1120,christine,6.8,57.0,1983,21200000,414.0
1121,district 9,7.9,81.0,2009,210819611,620.0
1122,alive,7.1,56.0,1993,36733909,261.0
1123,the running man,6.7,45.0,1987,38122105,660.0
1124,jackie brown,7.5,62.0,1997,39673162,698.0
1125,existenz,6.8,68.0,1999,2856712,189.0
1126,straight outta compton,7.8,72.0,2015,201634991,250.0
1127,annie,6.6,39.0,1982,133821816,422.0
1128,cape fear,7.3,73.0,1991,182300000,548.0
1129,jumanji the next level,6.7,58.0,2019,801693929,340.0
1130,kill bill vol. 2,8.0,83.0,2004,152159461,698.0
1131,jack reacher never go back,6.1,47.0,2016,162146076,232.0
1132,lee,7.0,59.0,2023,0,237.0
1133,the adam project,6.7,55.0,2022,0,797.0
1134,immortals,6.0,46.0,2011,226904017,836.0
1135,the replacements,6.6,30.0,2000,50054511,327.0
1136,2012,5.8,49.0,2009,791217826,748.0
1137,north by northwest,8.3,98.0,1959,13275000,30.0
1138,the long kiss goodnight,6.8,43.0,1996,89456761,708.0
1139,caddyshack,7.2,48.0,1980,39846344,320.0
1140,boiling point,7.5,73.0,2021,0,691.0
1141,the hobbit the battle of the five armies,7.4,59.0,2014,956019788,680.0
1142,four weddings and a funeral,7.1,81.0,1994,245700832,603.0
1143,final destination,6.7,36.0,2000,112880294,357.0
1144,cast away,7.8,73.0,2000,429632142,740.0
1145,eden lake,6.7,65.0,2008,3984669,356.0
1146,valentines day,5.7,34.0,2010,216485654,270.0
1147,cop land,7.0,64.0,1997,44862187,351.0
1148,fantastic four,4.3,27.0,2015,333535934,465.0
1149,the untouchables,7.8,79.0,1987,76270454,108.0
1150,planet of the apes,8.0,79.0,1968,362211740,263.0
1151,red notice,6.3,37.0,2021,178143,704.0
1152,iron man 3,7.1,62.0,2013,1215577205,795.0
1153,the village,6.6,44.0,2004,256697520,525.0
1154,luther the fallen sun,6.4,53.0,2023,0,358.0
1155,jfk,8.0,72.0,1991,205405498,642.0
1156,bridesmaids,6.8,75.0,2011,288383523,655.0
1157,mission impossible - ghost protocol,7.4,73.0,2011,694713380,99.0
1158,red,7.0,60.0,2010,199000000,735.0
1159,melancholia,7.1,81.0,2011,15946321,502.0
1160,the wolverine,6.7,61.0,2013,415440673,351.0
1161,appaloosa,6.7,64.0,2008,20211394,229.0
1162,chef,7.3,68.0,2014,45967935,441.0
1163,sweeney todd the demon barber of fleet street,7.3,83.0,2007,152000000,856.0
1164,captain america civil war,7.8,75.0,2016,1155046416,
1165,insidious,6.8,52.0,2010,99870886,354.0
1166,master gardener,6.2,63.0,2022,563772,661.0
1167,see how they run,6.5,60.0,2022,21921551,868.0
1168,logan lucky,7.0,78.0,2017,48453605,828.0
1169,spider-man far from home,7.4,69.0,2019,1131927996,446.0
1170,the man from u.n.c.l.e.,7.2,56.0,2015,108145109,314.0
1171,men in black ii,6.2,49.0,2002,445135288,73.0
1172,austin powers international man of mystery,7.0,51.0,1997,67711748,369.0
1173,hercules,7.3,74.0,1997,252712101,
1174,the great outdoors,6.6,24.0,1988,43455230,327.0
1175,the night of the hunter,8.0,97.0,1955,0,129.0
1176,the chronicles of narnia prince caspian,6.5,62.0,2008,419665568,35.0
1177,the little rascals,6.3,45.0,1994,67308282,666.0
1178,they live,7.2,55.0,1988,13008928,414.0
1179,17 again,6.4,48.0,2009,136316880,117.0
1180,rosemarys baby,8.0,96.0,1968,33395426,749.0
1181,big fish,8.0,58.0,2003,123218424,856.0
1182,sicario day of the soldado,7.1,61.0,2018,75836683,811.0
1183,the american,6.3,61.0,2010,67876281,60.0
1184,tinker tailor soldier spy,7.0,85.0,2011,80630608,877.0
1185,redeeming love,6.7,32.0,2022,9100000,170.0
1186,lifeforce,6.1,50.0,1985,11603545,862.0
1187,pig,6.9,82.0,2021,3889432,591.0
1188,silence,7.2,79.0,2016,23737523,548.0
1189,a.i. artificial intelligence,7.2,65.0,2001,235926552,829.0
1190,sense and sensibility,7.7,84.0,1995,134582776,51.0
1191,perfume the story of a murderer,7.5,56.0,2006,135039924,876.0
1192,gods of egypt,5.4,25.0,2016,150680864,26.0
1193,toy story 3,8.3,92.0,2010,1066969703,510.0
1194,dogma,7.3,62.0,1999,31429330,493.0
1195,ad astra,6.5,80.0,2019,127461872,347.0
1196,austin powers in goldmember,6.2,62.0,2002,296938801,369.0
1197,x-men days of future past,7.9,75.0,2014,747862775,116.0
1198,10 cloverfield lane,7.2,76.0,2016,110216998,176.0
1199,last tango in paris,6.9,77.0,1972,36182181,82.0
1200,bird box,6.6,51.0,2018,0,831.0
1201,the fallout,7.0,84.0,2021,0,567.0
1202,raging bull,8.1,90.0,1980,23000000,548.0
1203,silverado,7.2,64.0,1985,32192570,506.0
1204,turning red,7.0,83.0,2022,18879922,220.0
1205,creed,7.6,82.0,2015,173567581,760.0
1206,apollo 13,7.7,78.0,1995,355237933,751.0
1207,ticket to paradise,6.1,50.0,2022,168763270,639.0
1208,bring it on,6.1,52.0,2000,90449929,687.0
1209,the magnificent seven,6.9,54.0,2016,162360636,59.0
1210,legends of the fall,7.5,45.0,1994,160638883,232.0
1211,happy gilmore,7.0,31.0,1996,41205099,216.0
1212,this is the end,6.6,67.0,2013,126041322,
1213,mission impossible iii,6.9,66.0,2006,398479497,337.0
1214,star wars episode ii - attack of the clones,6.6,54.0,2002,649398328,285.0
1215,possession,7.3,75.0,1981,1158473,44.0
1216,spider-man 3,6.3,59.0,2007,894983373,768.0
1217,grown ups,6.0,30.0,2010,271430189,216.0
1218,high plains drifter,7.4,69.0,1973,15700000,161.0
1219,the art of racing in the rain,7.5,43.0,2019,33766787,800.0
1220,toy story 4,7.7,84.0,2019,1073394593,462.0
1221,no escape,6.7,38.0,2015,54418872,416.0
1222,monty python and the holy grail,8.2,91.0,1975,1940906,
1223,pirates of the caribbean on stranger tides,6.6,45.0,2011,1045713802,721.0
1224,the highwaymen,6.9,58.0,2019,0,427.0
1225,riddick,6.4,49.0,2013,98337295,208.0
1226,pirates of the caribbean at worlds end,7.1,50.0,2007,961000000,301.0
1227,a place in the sun,7.7,76.0,1951,7000000,291.0
1228,donnie brasco,7.7,77.0,1997,124909762,603.0
1229,oceans eight,6.3,61.0,2018,297718711,274.0
1230,game night,6.9,66.0,2018,117501013,
1231,vicky cristina barcelona,7.1,70.0,2008,96409300,909.0
1232,that awkward moment,6.1,36.0,2014,45640143,869.0
1233,movie 43,4.3,18.0,2013,32438988,
1234,sleepless in seattle,6.8,72.0,1993,227799884,637.0
1235,citizen kane,8.3,100.0,1941,23218000,646.0
1236,fifty shades freed,4.5,31.0,2018,368307760,346.0
1237,sonic the hedgehog 2,6.5,47.0,2022,405421518,374.0
1238,after we collided,5.0,14.0,2020,42000000,744.0
1239,the count of monte cristo,7.7,61.0,2002,75395048,492.0
1240,jerry maguire,7.3,77.0,1996,273552592,120.0
1241,sharper,6.7,65.0,2023,0,79.0
1242,friday,7.2,54.0,1995,28215918,250.0
1243,marie antoinette,6.5,65.0,2006,60917189,804.0
1244,the machinist,7.6,61.0,2004,8203235,98.0
1245,i am number four,6.1,36.0,2011,149878437,170.0
1246,triple frontier,6.5,61.0,2019,0,336.0
1247,my best friends wedding,6.3,50.0,1997,299288605,647.0
1248,never say never again,6.1,68.0,1983,160000000,333.0
1249,secondhand lions,7.5,52.0,2003,0,857.0
1250,argo,7.7,86.0,2012,232325503,75.0
1251,"love, rosie",7.1,44.0,2014,4439431,147.0
1252,face/off,7.3,82.0,1997,245676146,439.0
1253,the twilight saga breaking dawn - part 2,5.5,52.0,2012,829747654,86.0
1254,hustlers,6.3,79.0,2019,157600000,518.0
1255,black christmas,3.5,49.0,2019,4053000,805.0
1256,the thin red line,7.6,78.0,1998,98126565,843.0
1257,the outfit,7.2,69.0,2022,4026709,302.0
1258,clear and present danger,6.9,72.0,1994,215887717,692.0
1259,21 jump street,7.2,69.0,2012,201585328,
1260,blazing saddles,7.7,73.0,1974,119500000,568.0
1261,the fate of the furious,6.6,56.0,2017,1236005118,250.0
1262,the amazing spider-man 2,6.6,53.0,2014,708962323,532.0
1263,fresh,6.7,67.0,2022,0,608.0
1264,the driver,7.1,56.0,1978,0,896.0
1265,twister,6.5,68.0,1996,494471524,359.0
1266,good burger,5.8,41.0,1997,23700000,113.0
1267,the lost world jurassic park,6.5,59.0,1997,618638999,829.0
1268,rat race,6.5,52.0,2001,85498534,385.0
1269,ghost,7.1,52.0,1990,505000000,385.0
1270,carrie,7.4,86.0,1976,82394288,108.0
1271,sausage party,6.1,66.0,2016,140705322,
1272,it chapter two,6.5,58.0,2019,473122525,47.0
1273,mafia mamma,5.4,42.0,2023,3902761,124.0
1274,vertigo,8.3,100.0,1958,7797728,30.0
1275,mars attacks!,6.4,52.0,1996,101371017,856.0
1276,a quiet place part ii,7.2,71.0,2020,297400000,424.0
1277,darkest hour,7.4,75.0,2017,150847207,404.0
1278,you people,5.5,50.0,2023,0,487.0
1279,men in black 3,6.8,58.0,2012,624026776,73.0
1280,moonraker,6.2,66.0,1979,210308099,515.0
1281,slap shot,7.3,61.0,1977,28000000,289.0
1282,law abiding citizen,7.4,34.0,2009,127944208,250.0
1283,collateral,7.5,71.0,2004,217764291,587.0
1284,gattaca,7.7,64.0,1997,12532777,41.0
1285,the ref,6.9,59.0,1994,11439193,840.0
1286,cold pursuit,6.2,57.0,2019,76419755,316.0
1287,the terminal,7.4,55.0,2004,219417255,829.0
1288,magnolia,8.0,78.0,1999,48451803,662.0
1289,three thousand years of longing,6.7,60.0,2022,20282422,286.0
1290,enemy,6.9,61.0,2013,3396726,215.0
1291,police academy,6.7,41.0,1984,81198894,329.0
1292,the gift,7.0,77.0,2015,58978653,407.0
1293,skinamarink,4.8,66.0,2022,2100000,499.0
1294,heathers,7.2,72.0,1988,1108462,585.0
1295,enders game,6.6,51.0,2013,125537191,278.0
1296,the predator,5.3,48.0,2018,160542134,795.0
1297,sex drive,6.5,49.0,2008,18755936,782.0
1298,nymphomaniac vol. ii,6.6,60.0,2013,4934725,502.0
1299,youve got mail,6.7,57.0,1998,250821495,637.0
1300,this is 40,6.2,59.0,2012,88215156,469.0
1301,anchorman the legend of ron burgundy,7.1,63.0,2004,90574188,7.0
1302,theres something about mary,7.1,69.0,1998,369884651,
1303,extraction,6.8,56.0,2020,0,766.0
1304,horrible bosses,6.9,57.0,2011,209838559,790.0
1305,the chronicles of riddick,6.6,38.0,2004,115772733,208.0
1306,the rock,7.4,58.0,1996,335062621,573.0
1307,sherlock holmes,7.6,57.0,2009,524028679,314.0
1308,the da vinci code,6.6,46.0,2006,767820459,751.0
1309,gifted,7.6,60.0,2017,40343446,532.0
1310,somewhere in queens,6.8,61.0,2022,0,705.0
1311,greater,7.3,35.0,2016,0,196.0
1312,dora and the lost city of gold,6.1,63.0,2019,120597108,342.0
1313,captain fantastic,7.8,72.0,2016,23123592,557.0
1314,the kings speech,8.0,88.0,2010,414211549,871.0
1315,flight,7.3,76.0,2012,161772375,740.0
1316,u-571,6.6,62.0,2000,127666415,455.0
1317,career opportunities,5.8,41.0,1991,11336986,115.0
1318,fast & furious 6,7.0,61.0,2013,788680968,473.0
1319,big trouble in little china,7.2,53.0,1986,11000000,414.0
1320,falling down,7.6,56.0,1993,40903593,409.0
1321,source code,7.5,74.0,2011,147332697,228.0
1322,taken 2,6.2,45.0,2012,376141306,645.0
1323,the change-up,6.3,39.0,2011,75450437,190.0
1324,varsity blues,6.5,50.0,1999,0,113.0
1325,midnight run,7.5,78.0,1988,38413606,545.0
1326,dr. no,7.2,78.0,1962,59567035,842.0
1327,fear,6.2,51.0,1996,0,346.0
1328,mandy,6.5,82.0,2018,1214525,649.0
1329,allegiant,5.7,33.0,2016,179246868,735.0
1330,the counselor,5.4,48.0,2013,71009334,717.0
1331,vanilla sky,6.9,45.0,2001,203388341,120.0
1332,orphan,7.0,42.0,2009,77912251,368.0
1333,holes,7.0,71.0,2003,71406573,36.0
1334,crimes of the future,5.8,67.0,2022,4400000,189.0
1335,eastern promises,7.6,83.0,2007,56106607,189.0
1336,madagascar,6.9,57.0,2005,542063846,
1337,the garden of eden,5.2,28.0,2008,0,423.0
1338,mallrats,7.0,41.0,1995,2122561,493.0
1339,blood diamond,8.0,64.0,2006,171720398,232.0
1340,mission impossible - rogue nation,7.4,75.0,2015,682716636,153.0
1341,escape from new york,7.1,76.0,1981,50244700,414.0
1342,"o brother, where art thou?",7.7,69.0,2000,71870729,
1343,crash,6.4,53.0,1996,98410061,189.0
1344,overboard,6.9,53.0,1987,91244913,270.0
1345,spaceballs,7.1,46.0,1987,38119483,568.0
1346,enola holmes,6.6,68.0,2020,0,321.0
1347,sophies choice,7.5,68.0,1982,30036000,14.0
1348,alien³,6.4,59.0,1992,159773545,193.0
1349,fantastic beasts the crimes of grindelwald,6.5,52.0,2018,654855901,210.0
1350,west side story,7.6,86.0,1961,43656822,
1351,the machine,5.8,37.0,2023,314131,670.0
1352,commando,6.7,51.0,1985,57500000,537.0
1353,the name of the rose,7.7,54.0,1986,77200000,371.0
1354,black mass,6.9,68.0,2015,98837872,776.0
1355,run,6.7,67.0,2020,5184368,50.0
1356,below her mouth,5.5,42.0,2016,33673,62.0
1357,this christmas,6.3,63.0,2007,0,697.0
1358,the old guard,6.7,70.0,2020,0,298.0
1359,willys wonderland,5.5,44.0,2021,431020,490.0
1360,the beach,6.6,43.0,2000,144056873,180.0
1361,cinderella,4.4,41.0,2021,543514353,479.0
1362,vivarium,5.9,64.0,2019,487625,517.0
1363,singin in the rain,8.3,99.0,1952,7200000,
1364,true grit,7.6,80.0,2010,252276927,
1365,terminator salvation,6.5,49.0,2009,371353001,565.0
1366,gravity,7.7,96.0,2013,723192705,29.0
1367,hugo,7.5,83.0,2011,185770160,548.0
1368,the client,6.7,65.0,1994,117615211,409.0
1369,footloose,6.6,42.0,1984,80035402,325.0
1370,parenthood,7.1,82.0,1989,126297830,751.0
1371,teenage mutant ninja turtles,5.8,31.0,2014,485004754,453.0
1372,glass,6.6,43.0,2019,246999039,525.0
1373,shrek 2,7.3,75.0,2004,928760770,
1374,the hurt locker,7.5,95.0,2008,49230772,478.0
1375,a walk in the woods,6.4,51.0,2015,37461274,483.0
1376,doctor strange,7.5,72.0,2016,676343174,777.0
1377,the girl in the spiders web,6.1,43.0,2018,35164920,252.0
1378,wedding crashers,7.0,64.0,2005,288485135,190.0
1379,brightburn,6.1,44.0,2019,33224654,209.0
1380,deliverance,7.7,80.0,1972,46122355,412.0
1381,the time travelers wife,7.1,47.0,2009,101344412,735.0
1382,road trip,6.5,55.0,2000,119754278,865.0
1383,a good day to die hard,5.2,28.0,2013,304654182,432.0
1384,coming to america,7.1,47.0,1988,288752301,425.0
1385,american graffiti,7.4,97.0,1973,140000000,285.0
1386,hellboy,5.2,31.0,2019,99318987,619.0
1387,super 8,7.0,72.0,2011,260095986,337.0
1388,under the silver lake,6.5,60.0,2018,2053469,206.0
1389,hostel,5.9,55.0,2005,81979826,234.0
1390,the life aquatic with steve zissou,7.2,62.0,2004,34808403,898.0
1391,the woman king,6.9,77.0,2022,97250903,298.0
1392,aladdin,8.0,86.0,1992,504050219,
1393,shooter,7.1,53.0,2007,95696996,59.0
1394,downsizing,5.8,64.0,2017,55003890,27.0
1395,jason bourne,6.6,58.0,2016,415484914,656.0
1396,ma,5.6,53.0,2019,51749995,837.0
1397,ghostbusters ii,6.6,56.0,1989,215394738,334.0
1398,the pursuit of happyness,8.0,64.0,2006,307077295,268.0
1399,sister act 2 back in the habit,5.7,38.0,1993,57319029,87.0
1400,the crow,7.5,71.0,1994,50694672,26.0
1401,robocop,6.1,52.0,2014,242688965,467.0
1402,the emperors new groove,7.4,70.0,2000,169327687,536.0
1403,the mummy returns,6.4,48.0,2001,443280904,819.0
1404,public enemies,7.0,70.0,2009,214104620,587.0
1405,predators,6.4,51.0,2010,127233108,633.0
1406,knocked up,6.9,85.0,2007,219922417,469.0
1407,the living daylights,6.7,59.0,1987,191185897,419.0
1408,gone baby gone,7.6,72.0,2007,34619699,75.0
1409,el camino a breaking bad movie,7.3,72.0,2019,0,893.0
1410,old school,7.0,54.0,2003,87135520,865.0
1411,the princess diaries,6.4,52.0,2001,165335153,270.0
1412,rocketman,7.3,69.0,2019,167323950,219.0
1413,50 first dates,6.8,48.0,2004,196482882,684.0
1414,the courier,7.2,65.0,2020,26000000,221.0
1415,porkys,6.2,40.0,1981,125728258,94.0
1416,teenage mutant ninja turtles,6.8,51.0,1990,485004754,821.0
1417,downton abbey,7.4,64.0,2019,192199131,581.0
1418,the waterboy,6.1,41.0,1998,185991646,259.0
1419,how to lose a guy in 10 days,6.5,45.0,2003,177502387,224.0
1420,mona lisa smile,6.5,45.0,2003,0,603.0
1421,adventures in babysitting,6.9,45.0,1987,34368475,140.0
1422,watcher,6.3,72.0,2022,2543216,136.0
1423,christmas bloody christmas,5.1,46.0,2022,0,397.0
1424,infinite,5.5,28.0,2021,0,59.0
1425,empire of the sun,7.7,62.0,1987,66700000,829.0
1426,the sandlot,7.8,55.0,1993,34348444,204.0
1427,the good son,6.4,45.0,1993,60613008,460.0
1428,butchers crossing,5.7,55.0,2022,0,265.0
1429,young frankenstein,8.0,83.0,1974,86273333,568.0
1430,this is spinal tap,7.9,92.0,1984,4736202,723.0
1431,the craft,6.4,55.0,1996,24819936,39.0
1432,con air,6.9,52.0,1997,224012234,803.0
1433,ben-hur,5.7,38.0,2016,164000000,860.0
1434,the blues brothers,7.9,60.0,1980,115229890,425.0
1435,miss peregrines home for peculiar children,6.7,57.0,2016,296482446,856.0
1436,van helsing,6.1,35.0,2004,300257475,819.0
1437,lolita,7.5,79.0,1962,9250000,810.0
1438,influencer,6.1,66.0,2022,0,498.0
1439,the founder,7.2,66.0,2016,24121245,427.0
1440,dog day afternoon,8.0,86.0,1975,46665856,798.0
1441,the spy who loved me,7.0,55.0,1977,185438673,515.0
1442,underworld,7.0,42.0,2003,95708457,512.0
1443,zoolander,6.5,61.0,2001,60780981,77.0
1444,life of the party,5.6,46.0,2018,61700416,76.0
1445,mad max beyond thunderdome,6.2,71.0,1985,36230219,
1446,the ring,7.1,57.0,2002,249348933,301.0
1447,million dollar baby,8.1,86.0,2004,216763646,161.0
1448,identity,7.3,64.0,2003,90259536,351.0
1449,long shot,6.8,67.0,2019,0,452.0
1450,tomb raider,6.3,48.0,2018,274650803,718.0
1451,bombshell,6.8,64.0,2019,61404394,369.0
1452,toy story 2,7.9,88.0,1999,497366869,
1453,den of thieves,7.0,49.0,2018,80509622,148.0
1454,the guilty,6.3,63.0,2021,0,59.0
1455,99 homes,7.1,76.0,2014,1411927,700.0
1456,the three musketeers,5.7,35.0,2011,132274484,664.0
1457,billy madison,6.3,16.0,1995,26488734,835.0
1458,the boondock saints,7.7,44.0,1999,50000000,885.0
1459,the school for good and evil,5.9,30.0,2022,0,655.0
1460,winters bone,7.1,90.0,2010,13831503,214.0
1461,sonic the hedgehog,6.5,47.0,2020,319715683,374.0
1462,witness,7.4,76.0,1985,68706993,686.0
1463,inside man,7.6,76.0,2006,186003591,808.0
1464,the girl next door,6.5,29.0,2007,31635150,308.0
1465,the neon demon,6.1,51.0,2016,3377430,629.0
1466,never let me go,7.1,69.0,2010,9918093,540.0
1467,robin hood men in tights,6.7,44.0,1993,35739755,568.0
1468,booksmart,7.1,84.0,2019,24849029,644.0
1469,burnt,6.6,42.0,2015,36606743,437.0
1470,crocodile dundee ii,5.7,41.0,1988,239606210,415.0
1471,dogville,8.0,61.0,2003,16680836,502.0
1472,boston strangler,6.5,58.0,2023,0,558.0
1473,mulan,7.7,72.0,1998,304320254,
1474,rain man,8.0,65.0,1988,354825435,72.0
1475,bumblebee,6.7,66.0,2018,467989645,883.0
1476,midnight in paris,7.6,81.0,2011,151119219,909.0
1477,ghost rider,5.3,35.0,2007,228738393,542.0
1478,backdraft,6.7,39.0,1991,152368585,751.0
1479,a thousand and one,7.0,81.0,2023,0,1.0
1480,casper,6.2,49.0,1995,287928194,102.0
1481,dark phoenix,5.7,43.0,2019,252442974,801.0
1482,liar liar,6.9,70.0,1997,302710615,874.0
1483,coherence,7.2,65.0,2013,139745,355.0
1484,hall pass,5.9,45.0,2011,83200000,
1485,the intern,7.1,51.0,2015,194564672,614.0
1486,moonstruck,7.1,83.0,1987,80640528,638.0
1487,the princess and the frog,7.1,73.0,2009,270997378,
1488,"paris, texas",8.1,81.0,1984,2181987,907.0
1489,the nativity story,6.8,52.0,2006,0,124.0
1490,the hitmans bodyguard,6.9,47.0,2017,176586701,651.0
1491,criminal,6.3,36.0,2016,14708696,64.0
1492,trapped in paradise,5.9,31.0,1994,5777916,284.0
1493,the girl on the train,6.5,48.0,2016,173185859,837.0
1494,the expendables,6.4,45.0,2010,274470394,833.0
1495,addams family values,6.8,61.0,1993,48919043,73.0
1496,the graduate,8.0,83.0,1967,104945305,604.0
1497,the lesson,6.3,62.0,2023,0,31.0
1498,the dictator,6.4,58.0,2012,179379533,501.0
1499,the dirty dozen,7.7,73.0,1967,45300000,726.0
1500,the adjustment bureau,7.0,60.0,2011,127869379,287.0
1501,the house bunny,5.5,55.0,2008,70442940,264.0
1502,pitch black,7.0,49.0,2000,53187659,208.0
1503,hercules,6.0,47.0,2014,252712101,107.0
1504,peter pan,6.8,64.0,2003,87404651,647.0
1505,the visit,6.2,55.0,2015,98450062,525.0
1506,this is where i leave you,6.6,44.0,2014,41296320,797.0
1507,after death,6.2,22.0,2023,0,
1508,contagion,6.8,70.0,2011,137551594,828.0
1509,army of thieves,6.4,49.0,2021,46900000,563.0
1510,heaven help us,6.9,64.0,1985,0,578.0
1511,a series of unfortunate events,6.8,62.0,2004,0,102.0
1512,jurassic world fallen kingdom,6.1,51.0,2018,1310466296,335.0
1513,dark harvest,5.5,51.0,2023,0,207.0
1514,on her majestys secret service,6.7,61.0,1969,64574493,682.0
1515,a very harold & kumar christmas,6.2,61.0,2011,36192775,866.0
1516,slumdog millionaire,8.0,84.0,2008,378410542,
1517,barbarella,5.8,51.0,1968,2500000,747.0
1518,high life,5.8,78.0,2018,2133033,157.0
1519,flora and son,7.0,76.0,2023,0,413.0
1520,lincoln,7.3,87.0,2012,275293450,829.0
1521,fried green tomatoes,7.7,64.0,1991,119418501,440.0
1522,godmothered,6.1,49.0,2020,0,796.0
1523,despicable me,7.6,72.0,2010,533679475,
1524,ghost in the shell,6.3,52.0,2017,169801921,757.0
1525,the purge,5.7,41.0,2013,89328627,345.0
1526,the blind side,7.6,53.0,2009,309208309,427.0
1527,x-men the last stand,6.6,58.0,2006,459359555,107.0
1528,exodus gods and kings,6.0,52.0,2014,268031828,717.0
1529,the 355,5.6,40.0,2022,55700000,801.0
1530,inside,5.5,53.0,2023,0,891.0
1531,species,5.9,49.0,1995,113374103,743.0
1532,philadelphia,7.7,66.0,1993,206678440,449.0
1533,iron man 2,6.9,57.0,2010,623933331,441.0
1534,blended,6.5,31.0,2014,127994610,259.0
1535,real steel,7.1,56.0,2011,299268508,797.0
1536,red rocket,7.1,76.0,2021,2200000,783.0
1537,the incredible hulk,6.6,61.0,2008,163712074,519.0
1538,to kill a mockingbird,8.3,88.0,1962,13129846,733.0
1539,anna karenina,6.6,63.0,2012,68929150,404.0
1540,moneyball,7.6,87.0,2011,110206216,80.0
1541,incredibles 2,7.6,80.0,2018,1242805359,99.0
1542,bedazzled,6.1,49.0,2000,90383208,320.0
1543,captain america the winter soldier,7.8,70.0,2014,714766572,
1544,dallas buyers club,7.9,77.0,2013,55736588,372.0
1545,insomnia,7.2,78.0,2002,113714830,154.0
1546,munich,7.5,74.0,2005,130982129,829.0
1547,funny games,6.5,44.0,2007,7938872,583.0
1548,inferno,6.2,42.0,2016,220021259,751.0
1549,the chronicles of narnia the voyage of the dawn treader,6.3,53.0,2010,415686217,571.0
1550,the aviator,7.5,77.0,2004,213700000,548.0
1551,super mario bros.,4.1,35.0,1993,20915465,
1552,terminator genisys,6.3,38.0,2015,440603537,17.0
1553,self reliance,,65.0,2023,0,339.0
1554,grown ups 2,5.4,19.0,2013,247022278,216.0
1555,"me, myself & irene",6.6,49.0,2000,149270999,
1556,palm springs,7.4,83.0,2020,164000,564.0
1557,pieces of a woman,7.0,66.0,2020,0,496.0
1558,sweet home alabama,6.2,45.0,2002,180622424,49.0
1559,big hero 6,7.8,74.0,2014,657827828,
1560,instant family,7.3,57.0,2018,120989656,782.0
1561,living,7.2,81.0,2022,6999027,640.0
1562,bad boys,6.8,41.0,1995,141407024,573.0
1563,the tragedy of macbeth,7.1,87.0,2021,176248,405.0
1564,joy,6.6,56.0,2015,101134059,205.0
1565,spy,7.0,75.0,2015,235666219,655.0
1566,the land before time,7.4,66.0,1988,84460846,222.0
1567,signs,6.8,59.0,2002,408247917,525.0
1568,an american werewolf in london,7.5,55.0,1981,31973249,425.0
1569,war dogs,7.1,57.0,2016,86234523,865.0
1570,fifty shades darker,4.6,33.0,2017,378827494,346.0
1571,contact,7.5,62.0,1997,171120329,740.0
1572,frozen,6.2,43.0,2010,1274219009,6.0
1573,in the heart of the sea,6.9,47.0,2015,93920758,751.0
1574,dark city,7.6,66.0,1998,27200316,26.0
1575,life of brian,8.0,77.0,1979,20745728,845.0
1576,raya and the last dragon,7.3,74.0,2021,130423032,
1577,dogman,6.7,37.0,2023,5080147,521.0
1578,the lost daughter,6.7,86.0,2021,14521,528.0
1579,elysium,6.6,61.0,2013,286140700,620.0
1580,6 underground,6.1,41.0,2019,0,573.0
1581,finch,6.9,57.0,2021,0,597.0
1582,killing them softly,6.2,64.0,2012,37930465,37.0
1583,the twilight saga new moon,4.8,44.0,2009,709827462,146.0
1584,who framed roger rabbit,7.7,83.0,1988,329803958,740.0
1585,the hitchhikers guide to the galaxy,6.7,63.0,2005,104478416,272.0
1586,corpse bride,7.4,83.0,2005,118133252,
1587,king arthur,6.3,46.0,2004,203567857,59.0
1588,forgetting sarah marshall,7.1,67.0,2008,105173115,625.0
1589,the blair witch project,6.5,81.0,1999,248639099,
1590,willow,7.2,47.0,1988,57269863,751.0
1591,ben-hur,8.1,90.0,1959,164000000,906.0
1592,zombieland double tap,6.7,55.0,2019,122801777,755.0
1593,fast & furious presents hobbs & shaw,6.5,60.0,2019,760098996,198.0
1594,the wrath of becky,6.1,51.0,2023,0,
1595,cloverfield,7.0,64.0,2008,170764026,556.0
1596,spencer,6.6,76.0,2021,14000000,648.0
1597,vice,7.2,61.0,2018,76073488,7.0
1598,the wedding singer,6.9,59.0,1998,123306987,259.0
1599,resident evil,6.6,33.0,2002,102984862,664.0
1600,pixels,5.6,27.0,2015,244874809,140.0
1601,into the woods,5.9,69.0,2014,212902372,721.0
1602,i see you,6.8,65.0,2019,0,8.0
1603,28 weeks later,6.9,78.0,2007,65048678,468.0
1604,halloween,7.7,87.0,1978,70274000,414.0
1605,behind enemy lines,6.4,49.0,2001,91753202,432.0
1606,spy game,7.1,63.0,2001,143049560,882.0
1607,the toxic avenger,5.9,66.0,2023,800000,526.0
1608,now you see me 2,6.4,46.0,2016,334901337,443.0
1609,megamind,7.3,63.0,2010,321885765,873.0
1610,moon,7.8,67.0,2009,9760104,228.0
1611,the golden compass,6.1,51.0,2007,372234864,146.0
1612,the professor and the madman,7.2,27.0,2019,4957273,251.0
1613,deepwater horizon,7.1,68.0,2016,121790373,671.0
1614,percy jackson sea of monsters,5.7,39.0,2013,199850315,854.0
1615,back to the future part ii,7.8,57.0,1989,332000000,740.0
1616,lord of misrule,5.3,52.0,2023,0,902.0
1617,fatal attraction,6.9,67.0,1987,320145693,12.0
1618,300 rise of an empire,6.2,48.0,2014,337580051,636.0
1619,pretty baby,6.5,66.0,1978,5786368,520.0
1620,demolition man,6.7,34.0,1993,58055768,533.0
1621,oceans twelve,6.5,58.0,2004,362744280,828.0
1622,teen wolf the movie,5.5,51.0,2023,0,759.0
1623,roald dahls matilda the musical,7.0,72.0,2022,35602350,562.0
1624,bruce almighty,6.8,46.0,2003,484592874,874.0
1625,lawless,7.2,58.0,2012,53676580,420.0
1626,a walk to remember,7.3,35.0,2002,47494916,9.0
1627,couples retreat,5.5,23.0,2009,171844840,672.0
1628,kazaam,3.1,24.0,1996,18937262,660.0
1629,the great escaper,7.0,67.0,2023,0,641.0
1630,hotel transylvania,7.0,47.0,2012,358375603,281.0
1631,marry me,6.1,51.0,2022,44000000,477.0
1632,diamonds are forever,6.5,59.0,1971,116019547,312.0
1633,life of pi,7.9,79.0,2012,609016565,51.0
1634,red dragon,7.2,60.0,2002,209196298,107.0
1635,oceans thirteen,6.9,62.0,2007,311312624,828.0
1636,pet sematary bloodlines,4.6,31.0,2023,0,516.0
1637,project x,6.7,46.0,2012,102731865,632.0
1638,sound of metal,7.7,82.0,2019,516520,183.0
1639,conan the barbarian,5.1,36.0,2011,79114085,534.0
1640,the whole nine yards,6.7,47.0,2000,106371651,454.0
1641,epic movie,2.4,17.0,2007,86865564,
1642,tarzan,7.3,79.0,1999,448191819,139.0
1643,maleficent,6.9,56.0,2014,758539785,737.0
1644,mr. nobody,7.7,63.0,2009,2331721,338.0
1645,a fish called wanda,7.5,80.0,1988,62493712,
1646,hackers,6.2,46.0,1995,7563728,330.0
1647,mortal engines,6.1,44.0,2018,83869818,149.0
1648,the long riders,6.9,68.0,1980,15795189,896.0
1649,golda,5.9,48.0,2023,5000000,313.0
1650,the great wall,5.9,42.0,2016,331957105,911.0
1651,breakfast at tiffanys,7.6,76.0,1961,9500000,91.0
1652,wild at heart,7.2,52.0,1990,14560247,199.0
1653,spartacus,7.9,87.0,1960,60000000,
1654,christmas with you,5.6,39.0,2022,0,267.0
1655,burn after reading,7.0,63.0,2008,163720069,
1656,close encounters of the third kind,7.6,90.0,1977,306889114,829.0
1657,hellraiser,6.9,56.0,1987,14575193,162.0
1658,the lego movie,7.7,83.0,2014,469160692,
1659,bad moms,6.2,60.0,2016,183936074,
1660,atlantis the lost empire,6.9,52.0,2001,186053725,
1661,brave,7.1,69.0,2012,538983207,
1662,emma.,6.7,71.0,2020,25155355,68.0
1663,sanctuary,6.3,67.0,2022,0,916.0
1664,sin city a dame to kill for,6.5,46.0,2014,39407616,
1665,rudy,7.5,71.0,1993,22750363,186.0
1666,the great escape,8.2,86.0,1963,11744471,436.0
1667,how to train your dragon the hidden world,7.4,71.0,2019,524580592,211.0
1668,poltergeist,7.3,79.0,1982,122200000,862.0
1669,ted 2,6.3,48.0,2015,215863606,792.0
1670,don jon,6.5,66.0,2013,0,458.0
1671,women talking,6.9,78.0,2022,7589419,772.0
1672,jungle cruise,6.6,50.0,2021,220889446,368.0
1673,naked lunch,6.9,67.0,1991,2641357,189.0
1674,a simple favor,6.8,67.0,2018,97644617,655.0
1675,robots,6.4,64.0,2005,262511490,
1676,norbit,4.2,27.0,2007,159313561,113.0
1677,jarhead,7.0,58.0,2005,97076152,767.0
1678,hellboy,6.8,72.0,2004,99318987,310.0
1679,the twilight saga breaking dawn - part 1,4.9,45.0,2011,712171856,86.0
1680,taken 3,6.0,26.0,2014,325771424,645.0
1681,layer cake,7.3,73.0,2004,11850214,561.0
1682,jupiter ascending,5.3,40.0,2015,183987723,
1683,yesterday,6.8,55.0,2019,88092097,180.0
1684,dont breathe,7.1,71.0,2016,159047649,252.0
1685,charade,7.9,83.0,1963,13475000,809.0
1686,big george foreman,6.6,45.0,2023,3800000,292.0
1687,pokémon detective pikachu,6.5,53.0,2019,449762638,720.0
1688,oldboy,5.8,49.0,2013,15194593,808.0
1689,real genius,6.9,71.0,1985,12952019,544.0
1690,bonnie and clyde,7.7,86.0,1967,50700000,67.0
1691,the royal tenenbaums,7.6,76.0,2001,71441250,898.0
1692,you hurt my feelings,6.6,80.0,2023,5000000,630.0
1693,the man with the golden gun,6.7,43.0,1974,97572000,312.0
1694,9,7.0,60.0,2009,48428063,794.0
1695,the birdcage,7.2,72.0,1996,185260553,604.0
1696,luca,7.4,71.0,2021,49750471,242.0
1697,magic mike,6.1,72.0,2012,167221571,828.0
1698,it lives inside,5.2,50.0,2023,0,90.0
1699,the prophecy,6.4,44.0,1995,16115878,307.0
1700,hellraiser,5.9,55.0,2022,14575193,188.0
1701,independence day resurgence,5.2,32.0,2016,389681935,748.0
1702,big daddy,6.4,41.0,1999,234801895,216.0
1703,walk the line,7.8,72.0,2005,186797986,351.0
1704,the fault in our stars,7.7,69.0,2014,307166834,461.0
1705,cars 2,6.2,57.0,2011,559852396,
1706,my big fat greek wedding,6.6,62.0,2002,368744044,410.0
1707,maybe i do,4.9,42.0,2023,4393504,584.0
1708,star trek beyond,7.0,68.0,2016,343471816,473.0
1709,thelma & louise,7.6,89.0,1991,45361000,717.0
1710,the evil dead,7.4,71.0,1981,29612367,768.0
1711,john carter,6.6,51.0,2012,284139100,42.0
1712,terminator 3 rise of the machines,6.3,66.0,2003,435000000,455.0
1713,the conjuring 2,7.3,65.0,2016,321834351,354.0
1714,carrie,5.8,53.0,2013,82394288,494.0
1715,scary movie 2,5.3,29.0,2001,141220678,480.0
1716,the sum of all fears,6.4,45.0,2002,193921372,688.0
1717,witness for the prosecution,8.4,76.0,1957,9000000,89.0
1718,moonrise kingdom,7.8,84.0,2012,68263166,898.0
1719,hard candy,7.0,58.0,2005,7022209,207.0
1720,alien resurrection,6.2,63.0,1997,162000000,373.0
1721,knight and day,6.3,46.0,2010,261989769,351.0
1722,blow,7.5,52.0,2001,83282296,840.0
1723,the bourne ultimatum,8.0,85.0,2007,442824138,656.0
1724,poseidon,5.7,50.0,2006,181674817,908.0
1725,original sin,6.0,33.0,2001,35402320,576.0
1726,bill & teds excellent adventure,6.9,50.0,1989,40485039,816.0
1727,after hours,7.6,90.0,1985,10609321,548.0
1728,the monuments men,6.1,52.0,2014,154984035,283.0
1729,night at the museum battle of the smithsonian,6.0,42.0,2009,413106170,797.0
1730,charlies angels,5.6,52.0,2000,264105545,565.0
1731,young guns,6.8,50.0,1988,44726644,152.0
1732,spy kids,5.6,71.0,2001,147934180,734.0
1733,about a boy,7.1,75.0,2002,129000000,
1734,back to school,6.7,68.0,1986,91258000,15.0
1735,bananas,6.9,67.0,1971,11833696,909.0
1736,southpaw,7.3,57.0,2015,91709827,59.0
1737,the little mermaid,7.6,88.0,1989,211343479,
1738,salt,6.4,65.0,2010,293329073,692.0
1739,clash of the titans,5.8,39.0,2010,493214993,519.0
1740,truth or dare,5.2,35.0,2018,95330493,378.0
1741,hes just not that into you,6.4,47.0,2009,178866158,483.0
1742,coyote ugly,5.7,27.0,2000,113916474,202.0
1743,the punisher,6.4,33.0,2004,54700105,451.0
1744,the ninth gate,6.7,44.0,1999,58401898,749.0
1745,the karate kid,6.2,61.0,2010,359126022,317.0
1746,flash gordon,6.5,58.0,1980,27107960,600.0
1747,bad teacher,5.6,47.0,2011,216197492,340.0
1748,"as above, so below",6.2,39.0,2014,41900000,416.0
1749,san andreas,6.1,43.0,2015,473990832,101.0
1750,the witches,5.4,47.0,2020,15360553,740.0
1751,palmer,7.3,53.0,2021,0,254.0
1752,marlowe,5.3,41.0,2022,6262663,617.0
1753,rampage,6.1,45.0,2018,428028233,101.0
1754,the elephant man,8.2,78.0,1980,26010864,199.0
1755,waynes world,7.0,57.0,1992,183097323,666.0
1756,hulk,5.6,54.0,2003,245360480,51.0
1757,desperado,7.1,55.0,1995,25405445,734.0
1758,the apartment,8.3,94.0,1960,25000000,89.0
1759,st. elmos fire,6.4,35.0,1985,37803872,409.0
1760,the florida project,7.6,92.0,2017,11303040,783.0
1761,the island,6.8,50.0,2005,162949164,573.0
1762,father of the bride,6.5,51.0,1991,89325780,130.0
1763,masters of the universe,5.3,35.0,1987,17336370,273.0
1764,the fighter,7.8,79.0,2010,93617009,205.0
1765,death becomes her,6.6,56.0,1992,149022650,740.0
1766,pinocchio,5.1,38.0,2022,84300000,740.0
1767,the jungle book,7.4,77.0,2016,966550600,441.0
1768,missing,7.1,66.0,2023,45100756,
1769,cold mountain,7.2,73.0,2003,173013509,57.0
1770,state of play,7.1,64.0,2009,87812371,491.0
1771,hollow man,5.8,24.0,2000,190213455,663.0
1772,raising arizona,7.3,69.0,1987,29180280,
1773,anna and the apocalypse,6.1,63.0,2017,0,429.0
1774,sex tape,5.1,36.0,2014,126069509,340.0
1775,the lodge,6.0,64.0,2019,2679585,
1776,bridge of spies,7.6,81.0,2015,165478348,829.0
1777,memory,5.7,41.0,2022,13897255,546.0
1778,lucky number slevin,7.7,53.0,2006,56308881,659.0
1779,the strangers,6.1,47.0,2008,82391145,114.0
1780,gosford park,7.2,90.0,2001,87754044,727.0
1781,monsters,6.4,63.0,2010,5639730,269.0
1782,serpico,7.7,83.0,1973,29800000,798.0
1783,draft day,6.8,54.0,2014,28831145,334.0
1784,goldfinger,7.7,87.0,1964,124881062,312.0
1785,the theory of everything,7.7,71.0,2014,123726688,352.0
1786,geostorm,5.3,21.0,2017,221600160,212.0
1787,the lincoln lawyer,7.3,63.0,2011,85412898,100.0
1788,richie rich,5.4,49.0,1994,76,224.0
1789,greenland,6.4,64.0,2020,52300000,711.0
1790,the bodyguard,6.3,39.0,1992,411006740,596.0
1791,we can be heroes,4.7,51.0,2020,0,734.0
1792,birth,6.2,51.0,2004,0,450.0
1793,the remains of the day,7.8,86.0,1993,23237911,350.0
1794,occupied city,7.1,75.0,2023,0,822.0
1795,the man in the iron mask,6.5,48.0,1998,182968902,702.0
1796,we were soldiers,7.2,65.0,2002,114660784,702.0
1797,doctor zhivago,7.9,69.0,1965,111858363,197.0
1798,dragged across concrete,6.9,60.0,2018,660132,761.0
1799,drag me to hell,6.6,83.0,2009,90810892,768.0
1800,transformers age of extinction,5.6,32.0,2014,1104054072,573.0
1801,annette,6.3,67.0,2021,3642692,514.0
1802,"definitely, maybe",7.1,59.0,2008,55447968,5.0
1803,the fly,7.6,79.0,1986,60629159,189.0
1804,the mighty ducks,6.5,46.0,1992,50752337,816.0
1805,american made,7.1,65.0,2017,133511855,226.0
